n01983481_7.JPEG,n01983481,0
n01983481_6.JPEG,n01983481,0
n01983481_0.JPEG,n01983481,0
n01983481_2.JPEG,n01983481,0
n01983481_1.JPEG,n01983481,0
n01983481_5.JPEG,n01983481,0
n01983481_4.JPEG,n01983481,0
n01983481_3.JPEG,n01983481,0
n01983481_15.JPEG,n01983481,0
n01983481_16.JPEG,n01983481,0
n01983481_48.JPEG,n01983481,0
n01983481_9.JPEG,n01983481,0
n01983481_74.JPEG,n01983481,0
n01983481_52.JPEG,n01983481,0
n01983481_46.JPEG,n01983481,0
n01983481_51.JPEG,n01983481,0
n01983481_17.JPEG,n01983481,0
n01983481_27.JPEG,n01983481,0
n01983481_19.JPEG,n01983481,0
n01983481_71.JPEG,n01983481,0
n01983481_65.JPEG,n01983481,0
n01983481_8.JPEG,n01983481,0
n01983481_40.JPEG,n01983481,0
n01983481_72.JPEG,n01983481,0
n01983481_59.JPEG,n01983481,0
n01983481_50.JPEG,n01983481,0
n01983481_55.JPEG,n01983481,0
n01983481_44.JPEG,n01983481,0
n01983481_63.JPEG,n01983481,0
n01983481_56.JPEG,n01983481,0
n01983481_25.JPEG,n01983481,0
n01983481_14.JPEG,n01983481,0
n01983481_22.JPEG,n01983481,0
n01983481_67.JPEG,n01983481,0
n01983481_73.JPEG,n01983481,0
n01983481_12.JPEG,n01983481,0
n01983481_31.JPEG,n01983481,0
n01983481_68.JPEG,n01983481,0
n01983481_29.JPEG,n01983481,0
n01983481_58.JPEG,n01983481,0
n01983481_45.JPEG,n01983481,0
n01983481_35.JPEG,n01983481,0
n01983481_39.JPEG,n01983481,0
n01983481_38.JPEG,n01983481,0
n01983481_53.JPEG,n01983481,0
n01983481_36.JPEG,n01983481,0
n01983481_13.JPEG,n01983481,0
n01983481_75.JPEG,n01983481,0
n01983481_33.JPEG,n01983481,0
n01983481_32.JPEG,n01983481,0
n01983481_41.JPEG,n01983481,0
n01983481_76.JPEG,n01983481,0
n01983481_57.JPEG,n01983481,0
n01983481_28.JPEG,n01983481,0
n01983481_66.JPEG,n01983481,0
n01983481_21.JPEG,n01983481,0
n01983481_64.JPEG,n01983481,0
n01983481_62.JPEG,n01983481,0
n01983481_20.JPEG,n01983481,0
n01983481_30.JPEG,n01983481,0
n01983481_69.JPEG,n01983481,0
n01983481_70.JPEG,n01983481,0
n01983481_37.JPEG,n01983481,0
n01983481_24.JPEG,n01983481,0
n01983481_61.JPEG,n01983481,0
n01983481_23.JPEG,n01983481,0
n01983481_11.JPEG,n01983481,0
n01983481_42.JPEG,n01983481,0
n01983481_47.JPEG,n01983481,0
n01983481_26.JPEG,n01983481,0
n01983481_34.JPEG,n01983481,0
n01983481_54.JPEG,n01983481,0
n01983481_60.JPEG,n01983481,0
n01983481_10.JPEG,n01983481,0
n01983481_49.JPEG,n01983481,0
n01983481_43.JPEG,n01983481,0
n01983481_18.JPEG,n01983481,0
n01983481_93.JPEG,n01983481,0
n01983481_145.JPEG,n01983481,0
n01983481_155.JPEG,n01983481,0
n01983481_136.JPEG,n01983481,0
n01983481_95.JPEG,n01983481,0
n01983481_154.JPEG,n01983481,0
n01983481_148.JPEG,n01983481,0
n01983481_139.JPEG,n01983481,0
n01983481_104.JPEG,n01983481,0
n01983481_125.JPEG,n01983481,0
n01983481_127.JPEG,n01983481,0
n01983481_94.JPEG,n01983481,0
n01983481_114.JPEG,n01983481,0
n01983481_144.JPEG,n01983481,0
n01983481_102.JPEG,n01983481,0
n01983481_124.JPEG,n01983481,0
n01983481_80.JPEG,n01983481,0
n01983481_122.JPEG,n01983481,0
n01983481_106.JPEG,n01983481,0
n01983481_149.JPEG,n01983481,0
n01983481_79.JPEG,n01983481,0
n01983481_86.JPEG,n01983481,0
n01983481_138.JPEG,n01983481,0
n01983481_135.JPEG,n01983481,0
n01983481_150.JPEG,n01983481,0
n01983481_92.JPEG,n01983481,0
n01983481_131.JPEG,n01983481,0
n01983481_98.JPEG,n01983481,0
n01983481_137.JPEG,n01983481,0
n01983481_141.JPEG,n01983481,0
n01983481_87.JPEG,n01983481,0
n01983481_112.JPEG,n01983481,0
n01983481_99.JPEG,n01983481,0
n01983481_97.JPEG,n01983481,0
n01983481_147.JPEG,n01983481,0
n01983481_129.JPEG,n01983481,0
n01983481_88.JPEG,n01983481,0
n01983481_146.JPEG,n01983481,0
n01983481_111.JPEG,n01983481,0
n01983481_153.JPEG,n01983481,0
n01983481_105.JPEG,n01983481,0
n01983481_128.JPEG,n01983481,0
n01983481_140.JPEG,n01983481,0
n01983481_83.JPEG,n01983481,0
n01983481_120.JPEG,n01983481,0
n01983481_134.JPEG,n01983481,0
n01983481_116.JPEG,n01983481,0
n01983481_90.JPEG,n01983481,0
n01983481_133.JPEG,n01983481,0
n01983481_78.JPEG,n01983481,0
n01983481_89.JPEG,n01983481,0
n01983481_132.JPEG,n01983481,0
n01983481_100.JPEG,n01983481,0
n01983481_119.JPEG,n01983481,0
n01983481_77.JPEG,n01983481,0
n01983481_151.JPEG,n01983481,0
n01983481_121.JPEG,n01983481,0
n01983481_110.JPEG,n01983481,0
n01983481_130.JPEG,n01983481,0
n01983481_85.JPEG,n01983481,0
n01983481_101.JPEG,n01983481,0
n01983481_113.JPEG,n01983481,0
n01983481_126.JPEG,n01983481,0
n01983481_152.JPEG,n01983481,0
n01983481_108.JPEG,n01983481,0
n01983481_84.JPEG,n01983481,0
n01983481_103.JPEG,n01983481,0
n01983481_109.JPEG,n01983481,0
n01983481_96.JPEG,n01983481,0
n01983481_82.JPEG,n01983481,0
n01983481_118.JPEG,n01983481,0
n01983481_107.JPEG,n01983481,0
n01983481_142.JPEG,n01983481,0
n01983481_117.JPEG,n01983481,0
n01983481_143.JPEG,n01983481,0
n01983481_115.JPEG,n01983481,0
n01983481_123.JPEG,n01983481,0
n01983481_81.JPEG,n01983481,0
n01983481_91.JPEG,n01983481,0
n01983481_157.JPEG,n01983481,0
n01983481_200.JPEG,n01983481,0
n01983481_162.JPEG,n01983481,0
n01983481_221.JPEG,n01983481,0
n01983481_165.JPEG,n01983481,0
n01983481_225.JPEG,n01983481,0
n01983481_168.JPEG,n01983481,0
n01983481_191.JPEG,n01983481,0
n01983481_179.JPEG,n01983481,0
n01983481_180.JPEG,n01983481,0
n01983481_176.JPEG,n01983481,0
n01983481_174.JPEG,n01983481,0
n01983481_189.JPEG,n01983481,0
n01983481_213.JPEG,n01983481,0
n01983481_223.JPEG,n01983481,0
n01983481_156.JPEG,n01983481,0
n01983481_222.JPEG,n01983481,0
n01983481_197.JPEG,n01983481,0
n01983481_178.JPEG,n01983481,0
n01983481_164.JPEG,n01983481,0
n01983481_206.JPEG,n01983481,0
n01983481_214.JPEG,n01983481,0
n01983481_204.JPEG,n01983481,0
n01983481_160.JPEG,n01983481,0
n01983481_159.JPEG,n01983481,0
n01983481_216.JPEG,n01983481,0
n01983481_173.JPEG,n01983481,0
n01983481_172.JPEG,n01983481,0
n01983481_194.JPEG,n01983481,0
n01983481_170.JPEG,n01983481,0
n01983481_226.JPEG,n01983481,0
n01983481_218.JPEG,n01983481,0
n01983481_175.JPEG,n01983481,0
n01983481_215.JPEG,n01983481,0
n01983481_199.JPEG,n01983481,0
n01983481_201.JPEG,n01983481,0
n01983481_158.JPEG,n01983481,0
n01983481_190.JPEG,n01983481,0
n01983481_205.JPEG,n01983481,0
n01983481_184.JPEG,n01983481,0
n01983481_171.JPEG,n01983481,0
n01983481_196.JPEG,n01983481,0
n01983481_220.JPEG,n01983481,0
n01983481_208.JPEG,n01983481,0
n01983481_187.JPEG,n01983481,0
n01983481_167.JPEG,n01983481,0
n01983481_198.JPEG,n01983481,0
n01983481_181.JPEG,n01983481,0
n01983481_227.JPEG,n01983481,0
n01983481_166.JPEG,n01983481,0
n01983481_161.JPEG,n01983481,0
n01983481_177.JPEG,n01983481,0
n01983481_211.JPEG,n01983481,0
n01983481_169.JPEG,n01983481,0
n01983481_219.JPEG,n01983481,0
n01983481_209.JPEG,n01983481,0
n01983481_183.JPEG,n01983481,0
n01983481_185.JPEG,n01983481,0
n01983481_192.JPEG,n01983481,0
n01983481_195.JPEG,n01983481,0
n01983481_188.JPEG,n01983481,0
n01983481_186.JPEG,n01983481,0
n01983481_193.JPEG,n01983481,0
n01983481_217.JPEG,n01983481,0
n01983481_228.JPEG,n01983481,0
n01983481_210.JPEG,n01983481,0
n01983481_163.JPEG,n01983481,0
n01983481_202.JPEG,n01983481,0
n01983481_212.JPEG,n01983481,0
n01983481_207.JPEG,n01983481,0
n01983481_224.JPEG,n01983481,0
n01983481_182.JPEG,n01983481,0
n01983481_203.JPEG,n01983481,0
n01983481_239.JPEG,n01983481,0
n01983481_285.JPEG,n01983481,0
n01983481_266.JPEG,n01983481,0
n01983481_260.JPEG,n01983481,0
n01983481_282.JPEG,n01983481,0
n01983481_297.JPEG,n01983481,0
n01983481_304.JPEG,n01983481,0
n01983481_284.JPEG,n01983481,0
n01983481_291.JPEG,n01983481,0
n01983481_300.JPEG,n01983481,0
n01983481_264.JPEG,n01983481,0
n01983481_255.JPEG,n01983481,0
n01983481_276.JPEG,n01983481,0
n01983481_253.JPEG,n01983481,0
n01983481_263.JPEG,n01983481,0
n01983481_233.JPEG,n01983481,0
n01983481_286.JPEG,n01983481,0
n01983481_259.JPEG,n01983481,0
n01983481_248.JPEG,n01983481,0
n01983481_246.JPEG,n01983481,0
n01983481_296.JPEG,n01983481,0
n01983481_256.JPEG,n01983481,0
n01983481_303.JPEG,n01983481,0
n01983481_231.JPEG,n01983481,0
n01983481_237.JPEG,n01983481,0
n01983481_273.JPEG,n01983481,0
n01983481_234.JPEG,n01983481,0
n01983481_294.JPEG,n01983481,0
n01983481_301.JPEG,n01983481,0
n01983481_270.JPEG,n01983481,0
n01983481_277.JPEG,n01983481,0
n01983481_298.JPEG,n01983481,0
n01983481_288.JPEG,n01983481,0
n01983481_258.JPEG,n01983481,0
n01983481_232.JPEG,n01983481,0
n01983481_278.JPEG,n01983481,0
n01983481_302.JPEG,n01983481,0
n01983481_247.JPEG,n01983481,0
n01983481_261.JPEG,n01983481,0
n01983481_295.JPEG,n01983481,0
n01983481_299.JPEG,n01983481,0
n01983481_271.JPEG,n01983481,0
n01983481_269.JPEG,n01983481,0
n01983481_244.JPEG,n01983481,0
n01983481_268.JPEG,n01983481,0
n01983481_238.JPEG,n01983481,0
n01983481_287.JPEG,n01983481,0
n01983481_229.JPEG,n01983481,0
n01983481_275.JPEG,n01983481,0
n01983481_267.JPEG,n01983481,0
n01983481_281.JPEG,n01983481,0
n01983481_245.JPEG,n01983481,0
n01983481_236.JPEG,n01983481,0
n01983481_262.JPEG,n01983481,0
n01983481_293.JPEG,n01983481,0
n01983481_251.JPEG,n01983481,0
n01983481_250.JPEG,n01983481,0
n01983481_243.JPEG,n01983481,0
n01983481_230.JPEG,n01983481,0
n01983481_242.JPEG,n01983481,0
n01983481_283.JPEG,n01983481,0
n01983481_280.JPEG,n01983481,0
n01983481_235.JPEG,n01983481,0
n01983481_279.JPEG,n01983481,0
n01983481_274.JPEG,n01983481,0
n01983481_240.JPEG,n01983481,0
n01983481_289.JPEG,n01983481,0
n01983481_290.JPEG,n01983481,0
n01983481_252.JPEG,n01983481,0
n01983481_292.JPEG,n01983481,0
n01983481_257.JPEG,n01983481,0
n01983481_241.JPEG,n01983481,0
n01983481_254.JPEG,n01983481,0
n01983481_265.JPEG,n01983481,0
n01983481_272.JPEG,n01983481,0
n01983481_249.JPEG,n01983481,0
n01983481_375.JPEG,n01983481,0
n01983481_318.JPEG,n01983481,0
n01983481_320.JPEG,n01983481,0
n01983481_381.JPEG,n01983481,0
n01983481_349.JPEG,n01983481,0
n01983481_367.JPEG,n01983481,0
n01983481_313.JPEG,n01983481,0
n01983481_321.JPEG,n01983481,0
n01983481_337.JPEG,n01983481,0
n01983481_329.JPEG,n01983481,0
n01983481_336.JPEG,n01983481,0
n01983481_339.JPEG,n01983481,0
n01983481_370.JPEG,n01983481,0
n01983481_319.JPEG,n01983481,0
n01983481_352.JPEG,n01983481,0
n01983481_366.JPEG,n01983481,0
n01983481_383.JPEG,n01983481,0
n01983481_355.JPEG,n01983481,0
n01983481_373.JPEG,n01983481,0
n01983481_374.JPEG,n01983481,0
n01983481_362.JPEG,n01983481,0
n01983481_345.JPEG,n01983481,0
n01983481_327.JPEG,n01983481,0
n01983481_371.JPEG,n01983481,0
n01983481_317.JPEG,n01983481,0
n01983481_308.JPEG,n01983481,0
n01983481_348.JPEG,n01983481,0
n01983481_382.JPEG,n01983481,0
n01983481_323.JPEG,n01983481,0
n01983481_347.JPEG,n01983481,0
n01983481_353.JPEG,n01983481,0
n01983481_379.JPEG,n01983481,0
n01983481_335.JPEG,n01983481,0
n01983481_305.JPEG,n01983481,0
n01983481_356.JPEG,n01983481,0
n01983481_326.JPEG,n01983481,0
n01983481_314.JPEG,n01983481,0
n01983481_328.JPEG,n01983481,0
n01983481_338.JPEG,n01983481,0
n01983481_344.JPEG,n01983481,0
n01983481_354.JPEG,n01983481,0
n01983481_332.JPEG,n01983481,0
n01983481_331.JPEG,n01983481,0
n01983481_309.JPEG,n01983481,0
n01983481_324.JPEG,n01983481,0
n01983481_359.JPEG,n01983481,0
n01983481_380.JPEG,n01983481,0
n01983481_365.JPEG,n01983481,0
n01983481_334.JPEG,n01983481,0
n01983481_378.JPEG,n01983481,0
n01983481_315.JPEG,n01983481,0
n01983481_307.JPEG,n01983481,0
n01983481_343.JPEG,n01983481,0
n01983481_346.JPEG,n01983481,0
n01983481_340.JPEG,n01983481,0
n01983481_351.JPEG,n01983481,0
n01983481_341.JPEG,n01983481,0
n01983481_350.JPEG,n01983481,0
n01983481_372.JPEG,n01983481,0
n01983481_368.JPEG,n01983481,0
n01983481_325.JPEG,n01983481,0
n01983481_376.JPEG,n01983481,0
n01983481_330.JPEG,n01983481,0
n01983481_361.JPEG,n01983481,0
n01983481_369.JPEG,n01983481,0
n01983481_363.JPEG,n01983481,0
n01983481_316.JPEG,n01983481,0
n01983481_306.JPEG,n01983481,0
n01983481_310.JPEG,n01983481,0
n01983481_311.JPEG,n01983481,0
n01983481_364.JPEG,n01983481,0
n01983481_358.JPEG,n01983481,0
n01983481_322.JPEG,n01983481,0
n01983481_357.JPEG,n01983481,0
n01983481_360.JPEG,n01983481,0
n01983481_342.JPEG,n01983481,0
n01983481_312.JPEG,n01983481,0
n01983481_333.JPEG,n01983481,0
n01983481_377.JPEG,n01983481,0
n01983481_409.JPEG,n01983481,0
n01983481_432.JPEG,n01983481,0
n01983481_447.JPEG,n01983481,0
n01983481_402.JPEG,n01983481,0
n01983481_414.JPEG,n01983481,0
n01983481_384.JPEG,n01983481,0
n01983481_430.JPEG,n01983481,0
n01983481_461.JPEG,n01983481,0
n01983481_421.JPEG,n01983481,0
n01983481_435.JPEG,n01983481,0
n01983481_459.JPEG,n01983481,0
n01983481_431.JPEG,n01983481,0
n01983481_453.JPEG,n01983481,0
n01983481_444.JPEG,n01983481,0
n01983481_415.JPEG,n01983481,0
n01983481_410.JPEG,n01983481,0
n01983481_405.JPEG,n01983481,0
n01983481_450.JPEG,n01983481,0
n01983481_443.JPEG,n01983481,0
n01983481_463.JPEG,n01983481,0
n01983481_456.JPEG,n01983481,0
n01983481_385.JPEG,n01983481,0
n01983481_398.JPEG,n01983481,0
n01983481_419.JPEG,n01983481,0
n01983481_436.JPEG,n01983481,0
n01983481_394.JPEG,n01983481,0
n01983481_452.JPEG,n01983481,0
n01983481_413.JPEG,n01983481,0
n01983481_397.JPEG,n01983481,0
n01983481_396.JPEG,n01983481,0
n01983481_420.JPEG,n01983481,0
n01983481_437.JPEG,n01983481,0
n01983481_386.JPEG,n01983481,0
n01983481_427.JPEG,n01983481,0
n01983481_406.JPEG,n01983481,0
n01983481_458.JPEG,n01983481,0
n01983481_454.JPEG,n01983481,0
n01983481_455.JPEG,n01983481,0
n01983481_460.JPEG,n01983481,0
n01983481_445.JPEG,n01983481,0
n01983481_462.JPEG,n01983481,0
n01983481_395.JPEG,n01983481,0
n01983481_442.JPEG,n01983481,0
n01983481_392.JPEG,n01983481,0
n01983481_438.JPEG,n01983481,0
n01983481_441.JPEG,n01983481,0
n01983481_440.JPEG,n01983481,0
n01983481_423.JPEG,n01983481,0
n01983481_451.JPEG,n01983481,0
n01983481_407.JPEG,n01983481,0
n01983481_464.JPEG,n01983481,0
n01983481_388.JPEG,n01983481,0
n01983481_439.JPEG,n01983481,0
n01983481_411.JPEG,n01983481,0
n01983481_425.JPEG,n01983481,0
n01983481_428.JPEG,n01983481,0
n01983481_412.JPEG,n01983481,0
n01983481_426.JPEG,n01983481,0
n01983481_446.JPEG,n01983481,0
n01983481_418.JPEG,n01983481,0
n01983481_417.JPEG,n01983481,0
n01983481_422.JPEG,n01983481,0
n01983481_387.JPEG,n01983481,0
n01983481_448.JPEG,n01983481,0
n01983481_449.JPEG,n01983481,0
n01983481_404.JPEG,n01983481,0
n01983481_393.JPEG,n01983481,0
n01983481_433.JPEG,n01983481,0
n01983481_399.JPEG,n01983481,0
n01983481_400.JPEG,n01983481,0
n01983481_391.JPEG,n01983481,0
n01983481_401.JPEG,n01983481,0
n01983481_390.JPEG,n01983481,0
n01983481_389.JPEG,n01983481,0
n01983481_403.JPEG,n01983481,0
n01983481_424.JPEG,n01983481,0
n01983481_416.JPEG,n01983481,0
n01983481_457.JPEG,n01983481,0
n01983481_429.JPEG,n01983481,0
n01983481_408.JPEG,n01983481,0
n01983481_434.JPEG,n01983481,0
n01983481_474.JPEG,n01983481,0
n01983481_496.JPEG,n01983481,0
n01983481_472.JPEG,n01983481,0
n01983481_467.JPEG,n01983481,0
n01983481_480.JPEG,n01983481,0
n01983481_476.JPEG,n01983481,0
n01983481_486.JPEG,n01983481,0
n01983481_475.JPEG,n01983481,0
n01983481_477.JPEG,n01983481,0
n01983481_493.JPEG,n01983481,0
n01983481_492.JPEG,n01983481,0
n01983481_478.JPEG,n01983481,0
n01983481_482.JPEG,n01983481,0
n01983481_498.JPEG,n01983481,0
n01983481_471.JPEG,n01983481,0
n01983481_485.JPEG,n01983481,0
n01983481_494.JPEG,n01983481,0
n01983481_479.JPEG,n01983481,0
n01983481_466.JPEG,n01983481,0
n01983481_481.JPEG,n01983481,0
n01983481_490.JPEG,n01983481,0
n01983481_473.JPEG,n01983481,0
n01983481_484.JPEG,n01983481,0
n01983481_483.JPEG,n01983481,0
n01983481_487.JPEG,n01983481,0
n01983481_489.JPEG,n01983481,0
n01983481_468.JPEG,n01983481,0
n01983481_491.JPEG,n01983481,0
n01983481_488.JPEG,n01983481,0
n01983481_497.JPEG,n01983481,0
n01983481_469.JPEG,n01983481,0
n01983481_470.JPEG,n01983481,0
n01983481_495.JPEG,n01983481,0
n01983481_499.JPEG,n01983481,0
n01983481_465.JPEG,n01983481,0
n01629819_27.JPEG,n01629819,1
n01629819_44.JPEG,n01629819,1
n01629819_40.JPEG,n01629819,1
n01629819_43.JPEG,n01629819,1
n01629819_3.JPEG,n01629819,1
n01629819_11.JPEG,n01629819,1
n01629819_15.JPEG,n01629819,1
n01629819_12.JPEG,n01629819,1
n01629819_8.JPEG,n01629819,1
n01629819_37.JPEG,n01629819,1
n01629819_33.JPEG,n01629819,1
n01629819_42.JPEG,n01629819,1
n01629819_22.JPEG,n01629819,1
n01629819_45.JPEG,n01629819,1
n01629819_10.JPEG,n01629819,1
n01629819_5.JPEG,n01629819,1
n01629819_16.JPEG,n01629819,1
n01629819_1.JPEG,n01629819,1
n01629819_19.JPEG,n01629819,1
n01629819_30.JPEG,n01629819,1
n01629819_20.JPEG,n01629819,1
n01629819_17.JPEG,n01629819,1
n01629819_14.JPEG,n01629819,1
n01629819_36.JPEG,n01629819,1
n01629819_35.JPEG,n01629819,1
n01629819_26.JPEG,n01629819,1
n01629819_21.JPEG,n01629819,1
n01629819_0.JPEG,n01629819,1
n01629819_4.JPEG,n01629819,1
n01629819_9.JPEG,n01629819,1
n01629819_29.JPEG,n01629819,1
n01629819_13.JPEG,n01629819,1
n01629819_7.JPEG,n01629819,1
n01629819_6.JPEG,n01629819,1
n01629819_28.JPEG,n01629819,1
n01629819_31.JPEG,n01629819,1
n01629819_23.JPEG,n01629819,1
n01629819_39.JPEG,n01629819,1
n01629819_2.JPEG,n01629819,1
n01629819_24.JPEG,n01629819,1
n01629819_41.JPEG,n01629819,1
n01629819_34.JPEG,n01629819,1
n01629819_32.JPEG,n01629819,1
n01629819_38.JPEG,n01629819,1
n01629819_18.JPEG,n01629819,1
n01629819_25.JPEG,n01629819,1
n01629819_103.JPEG,n01629819,1
n01629819_107.JPEG,n01629819,1
n01629819_81.JPEG,n01629819,1
n01629819_93.JPEG,n01629819,1
n01629819_86.JPEG,n01629819,1
n01629819_52.JPEG,n01629819,1
n01629819_54.JPEG,n01629819,1
n01629819_68.JPEG,n01629819,1
n01629819_70.JPEG,n01629819,1
n01629819_95.JPEG,n01629819,1
n01629819_80.JPEG,n01629819,1
n01629819_66.JPEG,n01629819,1
n01629819_75.JPEG,n01629819,1
n01629819_104.JPEG,n01629819,1
n01629819_113.JPEG,n01629819,1
n01629819_59.JPEG,n01629819,1
n01629819_65.JPEG,n01629819,1
n01629819_100.JPEG,n01629819,1
n01629819_48.JPEG,n01629819,1
n01629819_57.JPEG,n01629819,1
n01629819_87.JPEG,n01629819,1
n01629819_89.JPEG,n01629819,1
n01629819_63.JPEG,n01629819,1
n01629819_77.JPEG,n01629819,1
n01629819_56.JPEG,n01629819,1
n01629819_78.JPEG,n01629819,1
n01629819_61.JPEG,n01629819,1
n01629819_79.JPEG,n01629819,1
n01629819_105.JPEG,n01629819,1
n01629819_49.JPEG,n01629819,1
n01629819_64.JPEG,n01629819,1
n01629819_46.JPEG,n01629819,1
n01629819_92.JPEG,n01629819,1
n01629819_82.JPEG,n01629819,1
n01629819_97.JPEG,n01629819,1
n01629819_47.JPEG,n01629819,1
n01629819_85.JPEG,n01629819,1
n01629819_109.JPEG,n01629819,1
n01629819_102.JPEG,n01629819,1
n01629819_72.JPEG,n01629819,1
n01629819_96.JPEG,n01629819,1
n01629819_106.JPEG,n01629819,1
n01629819_71.JPEG,n01629819,1
n01629819_114.JPEG,n01629819,1
n01629819_51.JPEG,n01629819,1
n01629819_84.JPEG,n01629819,1
n01629819_60.JPEG,n01629819,1
n01629819_83.JPEG,n01629819,1
n01629819_55.JPEG,n01629819,1
n01629819_67.JPEG,n01629819,1
n01629819_111.JPEG,n01629819,1
n01629819_110.JPEG,n01629819,1
n01629819_50.JPEG,n01629819,1
n01629819_62.JPEG,n01629819,1
n01629819_58.JPEG,n01629819,1
n01629819_108.JPEG,n01629819,1
n01629819_98.JPEG,n01629819,1
n01629819_53.JPEG,n01629819,1
n01629819_88.JPEG,n01629819,1
n01629819_115.JPEG,n01629819,1
n01629819_76.JPEG,n01629819,1
n01629819_74.JPEG,n01629819,1
n01629819_112.JPEG,n01629819,1
n01629819_94.JPEG,n01629819,1
n01629819_101.JPEG,n01629819,1
n01629819_69.JPEG,n01629819,1
n01629819_90.JPEG,n01629819,1
n01629819_91.JPEG,n01629819,1
n01629819_73.JPEG,n01629819,1
n01629819_99.JPEG,n01629819,1
n01629819_126.JPEG,n01629819,1
n01629819_170.JPEG,n01629819,1
n01629819_176.JPEG,n01629819,1
n01629819_130.JPEG,n01629819,1
n01629819_167.JPEG,n01629819,1
n01629819_164.JPEG,n01629819,1
n01629819_156.JPEG,n01629819,1
n01629819_174.JPEG,n01629819,1
n01629819_124.JPEG,n01629819,1
n01629819_163.JPEG,n01629819,1
n01629819_125.JPEG,n01629819,1
n01629819_158.JPEG,n01629819,1
n01629819_168.JPEG,n01629819,1
n01629819_131.JPEG,n01629819,1
n01629819_133.JPEG,n01629819,1
n01629819_128.JPEG,n01629819,1
n01629819_159.JPEG,n01629819,1
n01629819_118.JPEG,n01629819,1
n01629819_119.JPEG,n01629819,1
n01629819_177.JPEG,n01629819,1
n01629819_136.JPEG,n01629819,1
n01629819_145.JPEG,n01629819,1
n01629819_178.JPEG,n01629819,1
n01629819_162.JPEG,n01629819,1
n01629819_173.JPEG,n01629819,1
n01629819_182.JPEG,n01629819,1
n01629819_143.JPEG,n01629819,1
n01629819_144.JPEG,n01629819,1
n01629819_183.JPEG,n01629819,1
n01629819_185.JPEG,n01629819,1
n01629819_123.JPEG,n01629819,1
n01629819_116.JPEG,n01629819,1
n01629819_151.JPEG,n01629819,1
n01629819_186.JPEG,n01629819,1
n01629819_171.JPEG,n01629819,1
n01629819_181.JPEG,n01629819,1
n01629819_117.JPEG,n01629819,1
n01629819_172.JPEG,n01629819,1
n01629819_165.JPEG,n01629819,1
n01629819_161.JPEG,n01629819,1
n01629819_135.JPEG,n01629819,1
n01629819_179.JPEG,n01629819,1
n01629819_132.JPEG,n01629819,1
n01629819_146.JPEG,n01629819,1
n01629819_157.JPEG,n01629819,1
n01629819_155.JPEG,n01629819,1
n01629819_169.JPEG,n01629819,1
n01629819_134.JPEG,n01629819,1
n01629819_120.JPEG,n01629819,1
n01629819_140.JPEG,n01629819,1
n01629819_127.JPEG,n01629819,1
n01629819_139.JPEG,n01629819,1
n01629819_142.JPEG,n01629819,1
n01629819_149.JPEG,n01629819,1
n01629819_129.JPEG,n01629819,1
n01629819_147.JPEG,n01629819,1
n01629819_153.JPEG,n01629819,1
n01629819_160.JPEG,n01629819,1
n01629819_166.JPEG,n01629819,1
n01629819_148.JPEG,n01629819,1
n01629819_121.JPEG,n01629819,1
n01629819_152.JPEG,n01629819,1
n01629819_184.JPEG,n01629819,1
n01629819_122.JPEG,n01629819,1
n01629819_180.JPEG,n01629819,1
n01629819_175.JPEG,n01629819,1
n01629819_150.JPEG,n01629819,1
n01629819_138.JPEG,n01629819,1
n01629819_141.JPEG,n01629819,1
n01629819_154.JPEG,n01629819,1
n01629819_137.JPEG,n01629819,1
n01629819_241.JPEG,n01629819,1
n01629819_203.JPEG,n01629819,1
n01629819_212.JPEG,n01629819,1
n01629819_228.JPEG,n01629819,1
n01629819_247.JPEG,n01629819,1
n01629819_204.JPEG,n01629819,1
n01629819_209.JPEG,n01629819,1
n01629819_213.JPEG,n01629819,1
n01629819_245.JPEG,n01629819,1
n01629819_195.JPEG,n01629819,1
n01629819_191.JPEG,n01629819,1
n01629819_246.JPEG,n01629819,1
n01629819_229.JPEG,n01629819,1
n01629819_217.JPEG,n01629819,1
n01629819_233.JPEG,n01629819,1
n01629819_189.JPEG,n01629819,1
n01629819_201.JPEG,n01629819,1
n01629819_211.JPEG,n01629819,1
n01629819_215.JPEG,n01629819,1
n01629819_219.JPEG,n01629819,1
n01629819_250.JPEG,n01629819,1
n01629819_224.JPEG,n01629819,1
n01629819_193.JPEG,n01629819,1
n01629819_221.JPEG,n01629819,1
n01629819_192.JPEG,n01629819,1
n01629819_218.JPEG,n01629819,1
n01629819_237.JPEG,n01629819,1
n01629819_199.JPEG,n01629819,1
n01629819_188.JPEG,n01629819,1
n01629819_238.JPEG,n01629819,1
n01629819_239.JPEG,n01629819,1
n01629819_196.JPEG,n01629819,1
n01629819_200.JPEG,n01629819,1
n01629819_194.JPEG,n01629819,1
n01629819_202.JPEG,n01629819,1
n01629819_242.JPEG,n01629819,1
n01629819_227.JPEG,n01629819,1
n01629819_252.JPEG,n01629819,1
n01629819_248.JPEG,n01629819,1
n01629819_187.JPEG,n01629819,1
n01629819_208.JPEG,n01629819,1
n01629819_235.JPEG,n01629819,1
n01629819_223.JPEG,n01629819,1
n01629819_230.JPEG,n01629819,1
n01629819_254.JPEG,n01629819,1
n01629819_216.JPEG,n01629819,1
n01629819_255.JPEG,n01629819,1
n01629819_231.JPEG,n01629819,1
n01629819_197.JPEG,n01629819,1
n01629819_234.JPEG,n01629819,1
n01629819_222.JPEG,n01629819,1
n01629819_214.JPEG,n01629819,1
n01629819_253.JPEG,n01629819,1
n01629819_210.JPEG,n01629819,1
n01629819_226.JPEG,n01629819,1
n01629819_257.JPEG,n01629819,1
n01629819_220.JPEG,n01629819,1
n01629819_190.JPEG,n01629819,1
n01629819_225.JPEG,n01629819,1
n01629819_236.JPEG,n01629819,1
n01629819_205.JPEG,n01629819,1
n01629819_243.JPEG,n01629819,1
n01629819_206.JPEG,n01629819,1
n01629819_249.JPEG,n01629819,1
n01629819_240.JPEG,n01629819,1
n01629819_244.JPEG,n01629819,1
n01629819_207.JPEG,n01629819,1
n01629819_198.JPEG,n01629819,1
n01629819_251.JPEG,n01629819,1
n01629819_256.JPEG,n01629819,1
n01629819_232.JPEG,n01629819,1
n01629819_259.JPEG,n01629819,1
n01629819_307.JPEG,n01629819,1
n01629819_318.JPEG,n01629819,1
n01629819_304.JPEG,n01629819,1
n01629819_281.JPEG,n01629819,1
n01629819_291.JPEG,n01629819,1
n01629819_319.JPEG,n01629819,1
n01629819_277.JPEG,n01629819,1
n01629819_268.JPEG,n01629819,1
n01629819_325.JPEG,n01629819,1
n01629819_263.JPEG,n01629819,1
n01629819_272.JPEG,n01629819,1
n01629819_300.JPEG,n01629819,1
n01629819_278.JPEG,n01629819,1
n01629819_326.JPEG,n01629819,1
n01629819_284.JPEG,n01629819,1
n01629819_301.JPEG,n01629819,1
n01629819_283.JPEG,n01629819,1
n01629819_309.JPEG,n01629819,1
n01629819_303.JPEG,n01629819,1
n01629819_299.JPEG,n01629819,1
n01629819_310.JPEG,n01629819,1
n01629819_312.JPEG,n01629819,1
n01629819_322.JPEG,n01629819,1
n01629819_276.JPEG,n01629819,1
n01629819_329.JPEG,n01629819,1
n01629819_274.JPEG,n01629819,1
n01629819_285.JPEG,n01629819,1
n01629819_320.JPEG,n01629819,1
n01629819_286.JPEG,n01629819,1
n01629819_302.JPEG,n01629819,1
n01629819_313.JPEG,n01629819,1
n01629819_308.JPEG,n01629819,1
n01629819_306.JPEG,n01629819,1
n01629819_330.JPEG,n01629819,1
n01629819_258.JPEG,n01629819,1
n01629819_294.JPEG,n01629819,1
n01629819_311.JPEG,n01629819,1
n01629819_287.JPEG,n01629819,1
n01629819_273.JPEG,n01629819,1
n01629819_280.JPEG,n01629819,1
n01629819_288.JPEG,n01629819,1
n01629819_315.JPEG,n01629819,1
n01629819_323.JPEG,n01629819,1
n01629819_324.JPEG,n01629819,1
n01629819_289.JPEG,n01629819,1
n01629819_316.JPEG,n01629819,1
n01629819_270.JPEG,n01629819,1
n01629819_264.JPEG,n01629819,1
n01629819_290.JPEG,n01629819,1
n01629819_292.JPEG,n01629819,1
n01629819_269.JPEG,n01629819,1
n01629819_296.JPEG,n01629819,1
n01629819_327.JPEG,n01629819,1
n01629819_282.JPEG,n01629819,1
n01629819_297.JPEG,n01629819,1
n01629819_328.JPEG,n01629819,1
n01629819_298.JPEG,n01629819,1
n01629819_261.JPEG,n01629819,1
n01629819_314.JPEG,n01629819,1
n01629819_317.JPEG,n01629819,1
n01629819_271.JPEG,n01629819,1
n01629819_293.JPEG,n01629819,1
n01629819_262.JPEG,n01629819,1
n01629819_260.JPEG,n01629819,1
n01629819_267.JPEG,n01629819,1
n01629819_275.JPEG,n01629819,1
n01629819_305.JPEG,n01629819,1
n01629819_295.JPEG,n01629819,1
n01629819_321.JPEG,n01629819,1
n01629819_279.JPEG,n01629819,1
n01629819_266.JPEG,n01629819,1
n01629819_265.JPEG,n01629819,1
n01629819_388.JPEG,n01629819,1
n01629819_336.JPEG,n01629819,1
n01629819_371.JPEG,n01629819,1
n01629819_338.JPEG,n01629819,1
n01629819_378.JPEG,n01629819,1
n01629819_332.JPEG,n01629819,1
n01629819_342.JPEG,n01629819,1
n01629819_348.JPEG,n01629819,1
n01629819_341.JPEG,n01629819,1
n01629819_386.JPEG,n01629819,1
n01629819_339.JPEG,n01629819,1
n01629819_365.JPEG,n01629819,1
n01629819_377.JPEG,n01629819,1
n01629819_349.JPEG,n01629819,1
n01629819_363.JPEG,n01629819,1
n01629819_383.JPEG,n01629819,1
n01629819_343.JPEG,n01629819,1
n01629819_353.JPEG,n01629819,1
n01629819_381.JPEG,n01629819,1
n01629819_368.JPEG,n01629819,1
n01629819_376.JPEG,n01629819,1
n01629819_350.JPEG,n01629819,1
n01629819_375.JPEG,n01629819,1
n01629819_380.JPEG,n01629819,1
n01629819_385.JPEG,n01629819,1
n01629819_357.JPEG,n01629819,1
n01629819_344.JPEG,n01629819,1
n01629819_387.JPEG,n01629819,1
n01629819_347.JPEG,n01629819,1
n01629819_354.JPEG,n01629819,1
n01629819_362.JPEG,n01629819,1
n01629819_401.JPEG,n01629819,1
n01629819_397.JPEG,n01629819,1
n01629819_403.JPEG,n01629819,1
n01629819_335.JPEG,n01629819,1
n01629819_337.JPEG,n01629819,1
n01629819_372.JPEG,n01629819,1
n01629819_367.JPEG,n01629819,1
n01629819_360.JPEG,n01629819,1
n01629819_374.JPEG,n01629819,1
n01629819_384.JPEG,n01629819,1
n01629819_400.JPEG,n01629819,1
n01629819_369.JPEG,n01629819,1
n01629819_395.JPEG,n01629819,1
n01629819_352.JPEG,n01629819,1
n01629819_345.JPEG,n01629819,1
n01629819_404.JPEG,n01629819,1
n01629819_340.JPEG,n01629819,1
n01629819_351.JPEG,n01629819,1
n01629819_331.JPEG,n01629819,1
n01629819_361.JPEG,n01629819,1
n01629819_356.JPEG,n01629819,1
n01629819_358.JPEG,n01629819,1
n01629819_389.JPEG,n01629819,1
n01629819_392.JPEG,n01629819,1
n01629819_364.JPEG,n01629819,1
n01629819_398.JPEG,n01629819,1
n01629819_370.JPEG,n01629819,1
n01629819_333.JPEG,n01629819,1
n01629819_399.JPEG,n01629819,1
n01629819_402.JPEG,n01629819,1
n01629819_379.JPEG,n01629819,1
n01629819_355.JPEG,n01629819,1
n01629819_366.JPEG,n01629819,1
n01629819_346.JPEG,n01629819,1
n01629819_396.JPEG,n01629819,1
n01629819_334.JPEG,n01629819,1
n01629819_390.JPEG,n01629819,1
n01629819_393.JPEG,n01629819,1
n01629819_382.JPEG,n01629819,1
n01629819_373.JPEG,n01629819,1
n01629819_359.JPEG,n01629819,1
n01629819_394.JPEG,n01629819,1
n01629819_391.JPEG,n01629819,1
n01629819_444.JPEG,n01629819,1
n01629819_409.JPEG,n01629819,1
n01629819_475.JPEG,n01629819,1
n01629819_436.JPEG,n01629819,1
n01629819_458.JPEG,n01629819,1
n01629819_447.JPEG,n01629819,1
n01629819_459.JPEG,n01629819,1
n01629819_420.JPEG,n01629819,1
n01629819_453.JPEG,n01629819,1
n01629819_418.JPEG,n01629819,1
n01629819_469.JPEG,n01629819,1
n01629819_478.JPEG,n01629819,1
n01629819_440.JPEG,n01629819,1
n01629819_405.JPEG,n01629819,1
n01629819_455.JPEG,n01629819,1
n01629819_423.JPEG,n01629819,1
n01629819_470.JPEG,n01629819,1
n01629819_427.JPEG,n01629819,1
n01629819_457.JPEG,n01629819,1
n01629819_466.JPEG,n01629819,1
n01629819_464.JPEG,n01629819,1
n01629819_460.JPEG,n01629819,1
n01629819_441.JPEG,n01629819,1
n01629819_428.JPEG,n01629819,1
n01629819_471.JPEG,n01629819,1
n01629819_407.JPEG,n01629819,1
n01629819_410.JPEG,n01629819,1
n01629819_472.JPEG,n01629819,1
n01629819_406.JPEG,n01629819,1
n01629819_433.JPEG,n01629819,1
n01629819_454.JPEG,n01629819,1
n01629819_477.JPEG,n01629819,1
n01629819_424.JPEG,n01629819,1
n01629819_476.JPEG,n01629819,1
n01629819_432.JPEG,n01629819,1
n01629819_417.JPEG,n01629819,1
n01629819_449.JPEG,n01629819,1
n01629819_456.JPEG,n01629819,1
n01629819_463.JPEG,n01629819,1
n01629819_465.JPEG,n01629819,1
n01629819_435.JPEG,n01629819,1
n01629819_446.JPEG,n01629819,1
n01629819_413.JPEG,n01629819,1
n01629819_467.JPEG,n01629819,1
n01629819_437.JPEG,n01629819,1
n01629819_426.JPEG,n01629819,1
n01629819_442.JPEG,n01629819,1
n01629819_480.JPEG,n01629819,1
n01629819_411.JPEG,n01629819,1
n01629819_439.JPEG,n01629819,1
n01629819_450.JPEG,n01629819,1
n01629819_422.JPEG,n01629819,1
n01629819_468.JPEG,n01629819,1
n01629819_461.JPEG,n01629819,1
n01629819_473.JPEG,n01629819,1
n01629819_438.JPEG,n01629819,1
n01629819_416.JPEG,n01629819,1
n01629819_430.JPEG,n01629819,1
n01629819_429.JPEG,n01629819,1
n01629819_462.JPEG,n01629819,1
n01629819_448.JPEG,n01629819,1
n01629819_451.JPEG,n01629819,1
n01629819_414.JPEG,n01629819,1
n01629819_421.JPEG,n01629819,1
n01629819_434.JPEG,n01629819,1
n01629819_445.JPEG,n01629819,1
n01629819_412.JPEG,n01629819,1
n01629819_431.JPEG,n01629819,1
n01629819_425.JPEG,n01629819,1
n01629819_479.JPEG,n01629819,1
n01629819_443.JPEG,n01629819,1
n01629819_415.JPEG,n01629819,1
n01629819_452.JPEG,n01629819,1
n01629819_408.JPEG,n01629819,1
n01629819_419.JPEG,n01629819,1
n01629819_474.JPEG,n01629819,1
n01629819_495.JPEG,n01629819,1
n01629819_498.JPEG,n01629819,1
n01629819_496.JPEG,n01629819,1
n01629819_483.JPEG,n01629819,1
n01629819_490.JPEG,n01629819,1
n01629819_482.JPEG,n01629819,1
n01629819_487.JPEG,n01629819,1
n01629819_499.JPEG,n01629819,1
n01629819_481.JPEG,n01629819,1
n01629819_485.JPEG,n01629819,1
n01629819_497.JPEG,n01629819,1
n01629819_494.JPEG,n01629819,1
n01629819_488.JPEG,n01629819,1
n01629819_489.JPEG,n01629819,1
n01629819_491.JPEG,n01629819,1
n01629819_484.JPEG,n01629819,1
n01629819_486.JPEG,n01629819,1
n01629819_492.JPEG,n01629819,1
n01629819_493.JPEG,n01629819,1
n01910747_22.JPEG,n01910747,2
n01910747_56.JPEG,n01910747,2
n01910747_30.JPEG,n01910747,2
n01910747_20.JPEG,n01910747,2
n01910747_18.JPEG,n01910747,2
n01910747_24.JPEG,n01910747,2
n01910747_54.JPEG,n01910747,2
n01910747_52.JPEG,n01910747,2
n01910747_11.JPEG,n01910747,2
n01910747_31.JPEG,n01910747,2
n01910747_38.JPEG,n01910747,2
n01910747_48.JPEG,n01910747,2
n01910747_53.JPEG,n01910747,2
n01910747_40.JPEG,n01910747,2
n01910747_37.JPEG,n01910747,2
n01910747_33.JPEG,n01910747,2
n01910747_23.JPEG,n01910747,2
n01910747_51.JPEG,n01910747,2
n01910747_9.JPEG,n01910747,2
n01910747_0.JPEG,n01910747,2
n01910747_2.JPEG,n01910747,2
n01910747_25.JPEG,n01910747,2
n01910747_44.JPEG,n01910747,2
n01910747_27.JPEG,n01910747,2
n01910747_45.JPEG,n01910747,2
n01910747_13.JPEG,n01910747,2
n01910747_28.JPEG,n01910747,2
n01910747_43.JPEG,n01910747,2
n01910747_46.JPEG,n01910747,2
n01910747_32.JPEG,n01910747,2
n01910747_35.JPEG,n01910747,2
n01910747_3.JPEG,n01910747,2
n01910747_49.JPEG,n01910747,2
n01910747_42.JPEG,n01910747,2
n01910747_36.JPEG,n01910747,2
n01910747_1.JPEG,n01910747,2
n01910747_7.JPEG,n01910747,2
n01910747_39.JPEG,n01910747,2
n01910747_10.JPEG,n01910747,2
n01910747_21.JPEG,n01910747,2
n01910747_4.JPEG,n01910747,2
n01910747_12.JPEG,n01910747,2
n01910747_29.JPEG,n01910747,2
n01910747_16.JPEG,n01910747,2
n01910747_26.JPEG,n01910747,2
n01910747_47.JPEG,n01910747,2
n01910747_34.JPEG,n01910747,2
n01910747_19.JPEG,n01910747,2
n01910747_17.JPEG,n01910747,2
n01910747_55.JPEG,n01910747,2
n01910747_15.JPEG,n01910747,2
n01910747_6.JPEG,n01910747,2
n01910747_14.JPEG,n01910747,2
n01910747_41.JPEG,n01910747,2
n01910747_50.JPEG,n01910747,2
n01910747_5.JPEG,n01910747,2
n01910747_57.JPEG,n01910747,2
n01910747_8.JPEG,n01910747,2
n01910747_78.JPEG,n01910747,2
n01910747_96.JPEG,n01910747,2
n01910747_84.JPEG,n01910747,2
n01910747_128.JPEG,n01910747,2
n01910747_67.JPEG,n01910747,2
n01910747_102.JPEG,n01910747,2
n01910747_93.JPEG,n01910747,2
n01910747_69.JPEG,n01910747,2
n01910747_88.JPEG,n01910747,2
n01910747_92.JPEG,n01910747,2
n01910747_87.JPEG,n01910747,2
n01910747_72.JPEG,n01910747,2
n01910747_85.JPEG,n01910747,2
n01910747_79.JPEG,n01910747,2
n01910747_81.JPEG,n01910747,2
n01910747_111.JPEG,n01910747,2
n01910747_62.JPEG,n01910747,2
n01910747_58.JPEG,n01910747,2
n01910747_120.JPEG,n01910747,2
n01910747_66.JPEG,n01910747,2
n01910747_106.JPEG,n01910747,2
n01910747_113.JPEG,n01910747,2
n01910747_118.JPEG,n01910747,2
n01910747_112.JPEG,n01910747,2
n01910747_89.JPEG,n01910747,2
n01910747_59.JPEG,n01910747,2
n01910747_63.JPEG,n01910747,2
n01910747_99.JPEG,n01910747,2
n01910747_107.JPEG,n01910747,2
n01910747_70.JPEG,n01910747,2
n01910747_73.JPEG,n01910747,2
n01910747_65.JPEG,n01910747,2
n01910747_97.JPEG,n01910747,2
n01910747_76.JPEG,n01910747,2
n01910747_122.JPEG,n01910747,2
n01910747_71.JPEG,n01910747,2
n01910747_125.JPEG,n01910747,2
n01910747_77.JPEG,n01910747,2
n01910747_121.JPEG,n01910747,2
n01910747_100.JPEG,n01910747,2
n01910747_110.JPEG,n01910747,2
n01910747_108.JPEG,n01910747,2
n01910747_127.JPEG,n01910747,2
n01910747_101.JPEG,n01910747,2
n01910747_117.JPEG,n01910747,2
n01910747_98.JPEG,n01910747,2
n01910747_124.JPEG,n01910747,2
n01910747_123.JPEG,n01910747,2
n01910747_116.JPEG,n01910747,2
n01910747_119.JPEG,n01910747,2
n01910747_68.JPEG,n01910747,2
n01910747_86.JPEG,n01910747,2
n01910747_64.JPEG,n01910747,2
n01910747_94.JPEG,n01910747,2
n01910747_61.JPEG,n01910747,2
n01910747_82.JPEG,n01910747,2
n01910747_91.JPEG,n01910747,2
n01910747_103.JPEG,n01910747,2
n01910747_114.JPEG,n01910747,2
n01910747_126.JPEG,n01910747,2
n01910747_105.JPEG,n01910747,2
n01910747_115.JPEG,n01910747,2
n01910747_90.JPEG,n01910747,2
n01910747_95.JPEG,n01910747,2
n01910747_80.JPEG,n01910747,2
n01910747_109.JPEG,n01910747,2
n01910747_60.JPEG,n01910747,2
n01910747_75.JPEG,n01910747,2
n01910747_74.JPEG,n01910747,2
n01910747_83.JPEG,n01910747,2
n01910747_104.JPEG,n01910747,2
n01910747_195.JPEG,n01910747,2
n01910747_178.JPEG,n01910747,2
n01910747_136.JPEG,n01910747,2
n01910747_168.JPEG,n01910747,2
n01910747_131.JPEG,n01910747,2
n01910747_144.JPEG,n01910747,2
n01910747_191.JPEG,n01910747,2
n01910747_197.JPEG,n01910747,2
n01910747_150.JPEG,n01910747,2
n01910747_182.JPEG,n01910747,2
n01910747_171.JPEG,n01910747,2
n01910747_133.JPEG,n01910747,2
n01910747_146.JPEG,n01910747,2
n01910747_165.JPEG,n01910747,2
n01910747_173.JPEG,n01910747,2
n01910747_174.JPEG,n01910747,2
n01910747_142.JPEG,n01910747,2
n01910747_196.JPEG,n01910747,2
n01910747_194.JPEG,n01910747,2
n01910747_149.JPEG,n01910747,2
n01910747_161.JPEG,n01910747,2
n01910747_148.JPEG,n01910747,2
n01910747_180.JPEG,n01910747,2
n01910747_147.JPEG,n01910747,2
n01910747_159.JPEG,n01910747,2
n01910747_202.JPEG,n01910747,2
n01910747_176.JPEG,n01910747,2
n01910747_156.JPEG,n01910747,2
n01910747_169.JPEG,n01910747,2
n01910747_154.JPEG,n01910747,2
n01910747_162.JPEG,n01910747,2
n01910747_190.JPEG,n01910747,2
n01910747_158.JPEG,n01910747,2
n01910747_164.JPEG,n01910747,2
n01910747_186.JPEG,n01910747,2
n01910747_183.JPEG,n01910747,2
n01910747_203.JPEG,n01910747,2
n01910747_160.JPEG,n01910747,2
n01910747_170.JPEG,n01910747,2
n01910747_185.JPEG,n01910747,2
n01910747_163.JPEG,n01910747,2
n01910747_205.JPEG,n01910747,2
n01910747_157.JPEG,n01910747,2
n01910747_152.JPEG,n01910747,2
n01910747_155.JPEG,n01910747,2
n01910747_192.JPEG,n01910747,2
n01910747_198.JPEG,n01910747,2
n01910747_143.JPEG,n01910747,2
n01910747_188.JPEG,n01910747,2
n01910747_184.JPEG,n01910747,2
n01910747_137.JPEG,n01910747,2
n01910747_130.JPEG,n01910747,2
n01910747_138.JPEG,n01910747,2
n01910747_189.JPEG,n01910747,2
n01910747_201.JPEG,n01910747,2
n01910747_179.JPEG,n01910747,2
n01910747_132.JPEG,n01910747,2
n01910747_187.JPEG,n01910747,2
n01910747_167.JPEG,n01910747,2
n01910747_139.JPEG,n01910747,2
n01910747_166.JPEG,n01910747,2
n01910747_134.JPEG,n01910747,2
n01910747_172.JPEG,n01910747,2
n01910747_153.JPEG,n01910747,2
n01910747_151.JPEG,n01910747,2
n01910747_145.JPEG,n01910747,2
n01910747_141.JPEG,n01910747,2
n01910747_199.JPEG,n01910747,2
n01910747_175.JPEG,n01910747,2
n01910747_135.JPEG,n01910747,2
n01910747_129.JPEG,n01910747,2
n01910747_193.JPEG,n01910747,2
n01910747_204.JPEG,n01910747,2
n01910747_181.JPEG,n01910747,2
n01910747_177.JPEG,n01910747,2
n01910747_140.JPEG,n01910747,2
n01910747_200.JPEG,n01910747,2
n01910747_258.JPEG,n01910747,2
n01910747_274.JPEG,n01910747,2
n01910747_281.JPEG,n01910747,2
n01910747_272.JPEG,n01910747,2
n01910747_250.JPEG,n01910747,2
n01910747_260.JPEG,n01910747,2
n01910747_207.JPEG,n01910747,2
n01910747_259.JPEG,n01910747,2
n01910747_256.JPEG,n01910747,2
n01910747_220.JPEG,n01910747,2
n01910747_266.JPEG,n01910747,2
n01910747_255.JPEG,n01910747,2
n01910747_265.JPEG,n01910747,2
n01910747_264.JPEG,n01910747,2
n01910747_218.JPEG,n01910747,2
n01910747_236.JPEG,n01910747,2
n01910747_209.JPEG,n01910747,2
n01910747_247.JPEG,n01910747,2
n01910747_227.JPEG,n01910747,2
n01910747_232.JPEG,n01910747,2
n01910747_253.JPEG,n01910747,2
n01910747_244.JPEG,n01910747,2
n01910747_252.JPEG,n01910747,2
n01910747_242.JPEG,n01910747,2
n01910747_225.JPEG,n01910747,2
n01910747_275.JPEG,n01910747,2
n01910747_208.JPEG,n01910747,2
n01910747_239.JPEG,n01910747,2
n01910747_277.JPEG,n01910747,2
n01910747_278.JPEG,n01910747,2
n01910747_248.JPEG,n01910747,2
n01910747_213.JPEG,n01910747,2
n01910747_228.JPEG,n01910747,2
n01910747_215.JPEG,n01910747,2
n01910747_268.JPEG,n01910747,2
n01910747_223.JPEG,n01910747,2
n01910747_283.JPEG,n01910747,2
n01910747_233.JPEG,n01910747,2
n01910747_249.JPEG,n01910747,2
n01910747_214.JPEG,n01910747,2
n01910747_235.JPEG,n01910747,2
n01910747_237.JPEG,n01910747,2
n01910747_276.JPEG,n01910747,2
n01910747_206.JPEG,n01910747,2
n01910747_241.JPEG,n01910747,2
n01910747_246.JPEG,n01910747,2
n01910747_267.JPEG,n01910747,2
n01910747_231.JPEG,n01910747,2
n01910747_269.JPEG,n01910747,2
n01910747_212.JPEG,n01910747,2
n01910747_261.JPEG,n01910747,2
n01910747_273.JPEG,n01910747,2
n01910747_226.JPEG,n01910747,2
n01910747_229.JPEG,n01910747,2
n01910747_251.JPEG,n01910747,2
n01910747_257.JPEG,n01910747,2
n01910747_221.JPEG,n01910747,2
n01910747_234.JPEG,n01910747,2
n01910747_240.JPEG,n01910747,2
n01910747_222.JPEG,n01910747,2
n01910747_210.JPEG,n01910747,2
n01910747_219.JPEG,n01910747,2
n01910747_270.JPEG,n01910747,2
n01910747_262.JPEG,n01910747,2
n01910747_279.JPEG,n01910747,2
n01910747_254.JPEG,n01910747,2
n01910747_216.JPEG,n01910747,2
n01910747_263.JPEG,n01910747,2
n01910747_230.JPEG,n01910747,2
n01910747_217.JPEG,n01910747,2
n01910747_224.JPEG,n01910747,2
n01910747_271.JPEG,n01910747,2
n01910747_238.JPEG,n01910747,2
n01910747_245.JPEG,n01910747,2
n01910747_282.JPEG,n01910747,2
n01910747_280.JPEG,n01910747,2
n01910747_211.JPEG,n01910747,2
n01910747_243.JPEG,n01910747,2
n01910747_343.JPEG,n01910747,2
n01910747_358.JPEG,n01910747,2
n01910747_320.JPEG,n01910747,2
n01910747_338.JPEG,n01910747,2
n01910747_350.JPEG,n01910747,2
n01910747_313.JPEG,n01910747,2
n01910747_306.JPEG,n01910747,2
n01910747_312.JPEG,n01910747,2
n01910747_295.JPEG,n01910747,2
n01910747_309.JPEG,n01910747,2
n01910747_299.JPEG,n01910747,2
n01910747_362.JPEG,n01910747,2
n01910747_321.JPEG,n01910747,2
n01910747_284.JPEG,n01910747,2
n01910747_298.JPEG,n01910747,2
n01910747_360.JPEG,n01910747,2
n01910747_359.JPEG,n01910747,2
n01910747_303.JPEG,n01910747,2
n01910747_317.JPEG,n01910747,2
n01910747_351.JPEG,n01910747,2
n01910747_330.JPEG,n01910747,2
n01910747_331.JPEG,n01910747,2
n01910747_337.JPEG,n01910747,2
n01910747_286.JPEG,n01910747,2
n01910747_297.JPEG,n01910747,2
n01910747_318.JPEG,n01910747,2
n01910747_319.JPEG,n01910747,2
n01910747_339.JPEG,n01910747,2
n01910747_332.JPEG,n01910747,2
n01910747_341.JPEG,n01910747,2
n01910747_346.JPEG,n01910747,2
n01910747_348.JPEG,n01910747,2
n01910747_322.JPEG,n01910747,2
n01910747_333.JPEG,n01910747,2
n01910747_340.JPEG,n01910747,2
n01910747_292.JPEG,n01910747,2
n01910747_335.JPEG,n01910747,2
n01910747_300.JPEG,n01910747,2
n01910747_329.JPEG,n01910747,2
n01910747_287.JPEG,n01910747,2
n01910747_355.JPEG,n01910747,2
n01910747_314.JPEG,n01910747,2
n01910747_345.JPEG,n01910747,2
n01910747_323.JPEG,n01910747,2
n01910747_326.JPEG,n01910747,2
n01910747_361.JPEG,n01910747,2
n01910747_310.JPEG,n01910747,2
n01910747_327.JPEG,n01910747,2
n01910747_357.JPEG,n01910747,2
n01910747_324.JPEG,n01910747,2
n01910747_289.JPEG,n01910747,2
n01910747_308.JPEG,n01910747,2
n01910747_347.JPEG,n01910747,2
n01910747_334.JPEG,n01910747,2
n01910747_311.JPEG,n01910747,2
n01910747_349.JPEG,n01910747,2
n01910747_315.JPEG,n01910747,2
n01910747_285.JPEG,n01910747,2
n01910747_302.JPEG,n01910747,2
n01910747_293.JPEG,n01910747,2
n01910747_354.JPEG,n01910747,2
n01910747_328.JPEG,n01910747,2
n01910747_325.JPEG,n01910747,2
n01910747_296.JPEG,n01910747,2
n01910747_356.JPEG,n01910747,2
n01910747_344.JPEG,n01910747,2
n01910747_290.JPEG,n01910747,2
n01910747_304.JPEG,n01910747,2
n01910747_352.JPEG,n01910747,2
n01910747_291.JPEG,n01910747,2
n01910747_342.JPEG,n01910747,2
n01910747_294.JPEG,n01910747,2
n01910747_288.JPEG,n01910747,2
n01910747_316.JPEG,n01910747,2
n01910747_301.JPEG,n01910747,2
n01910747_307.JPEG,n01910747,2
n01910747_353.JPEG,n01910747,2
n01910747_305.JPEG,n01910747,2
n01910747_336.JPEG,n01910747,2
n01910747_425.JPEG,n01910747,2
n01910747_382.JPEG,n01910747,2
n01910747_413.JPEG,n01910747,2
n01910747_412.JPEG,n01910747,2
n01910747_368.JPEG,n01910747,2
n01910747_401.JPEG,n01910747,2
n01910747_369.JPEG,n01910747,2
n01910747_430.JPEG,n01910747,2
n01910747_437.JPEG,n01910747,2
n01910747_407.JPEG,n01910747,2
n01910747_377.JPEG,n01910747,2
n01910747_442.JPEG,n01910747,2
n01910747_403.JPEG,n01910747,2
n01910747_438.JPEG,n01910747,2
n01910747_420.JPEG,n01910747,2
n01910747_434.JPEG,n01910747,2
n01910747_395.JPEG,n01910747,2
n01910747_402.JPEG,n01910747,2
n01910747_431.JPEG,n01910747,2
n01910747_432.JPEG,n01910747,2
n01910747_388.JPEG,n01910747,2
n01910747_441.JPEG,n01910747,2
n01910747_414.JPEG,n01910747,2
n01910747_408.JPEG,n01910747,2
n01910747_363.JPEG,n01910747,2
n01910747_378.JPEG,n01910747,2
n01910747_427.JPEG,n01910747,2
n01910747_405.JPEG,n01910747,2
n01910747_398.JPEG,n01910747,2
n01910747_404.JPEG,n01910747,2
n01910747_367.JPEG,n01910747,2
n01910747_390.JPEG,n01910747,2
n01910747_400.JPEG,n01910747,2
n01910747_421.JPEG,n01910747,2
n01910747_364.JPEG,n01910747,2
n01910747_379.JPEG,n01910747,2
n01910747_394.JPEG,n01910747,2
n01910747_411.JPEG,n01910747,2
n01910747_397.JPEG,n01910747,2
n01910747_366.JPEG,n01910747,2
n01910747_440.JPEG,n01910747,2
n01910747_417.JPEG,n01910747,2
n01910747_428.JPEG,n01910747,2
n01910747_392.JPEG,n01910747,2
n01910747_418.JPEG,n01910747,2
n01910747_415.JPEG,n01910747,2
n01910747_393.JPEG,n01910747,2
n01910747_422.JPEG,n01910747,2
n01910747_370.JPEG,n01910747,2
n01910747_435.JPEG,n01910747,2
n01910747_436.JPEG,n01910747,2
n01910747_410.JPEG,n01910747,2
n01910747_385.JPEG,n01910747,2
n01910747_376.JPEG,n01910747,2
n01910747_374.JPEG,n01910747,2
n01910747_375.JPEG,n01910747,2
n01910747_391.JPEG,n01910747,2
n01910747_365.JPEG,n01910747,2
n01910747_381.JPEG,n01910747,2
n01910747_389.JPEG,n01910747,2
n01910747_429.JPEG,n01910747,2
n01910747_416.JPEG,n01910747,2
n01910747_424.JPEG,n01910747,2
n01910747_386.JPEG,n01910747,2
n01910747_423.JPEG,n01910747,2
n01910747_399.JPEG,n01910747,2
n01910747_419.JPEG,n01910747,2
n01910747_371.JPEG,n01910747,2
n01910747_426.JPEG,n01910747,2
n01910747_383.JPEG,n01910747,2
n01910747_384.JPEG,n01910747,2
n01910747_396.JPEG,n01910747,2
n01910747_439.JPEG,n01910747,2
n01910747_406.JPEG,n01910747,2
n01910747_433.JPEG,n01910747,2
n01910747_409.JPEG,n01910747,2
n01910747_373.JPEG,n01910747,2
n01910747_380.JPEG,n01910747,2
n01910747_387.JPEG,n01910747,2
n01910747_372.JPEG,n01910747,2
n01910747_469.JPEG,n01910747,2
n01910747_488.JPEG,n01910747,2
n01910747_492.JPEG,n01910747,2
n01910747_451.JPEG,n01910747,2
n01910747_449.JPEG,n01910747,2
n01910747_460.JPEG,n01910747,2
n01910747_446.JPEG,n01910747,2
n01910747_481.JPEG,n01910747,2
n01910747_471.JPEG,n01910747,2
n01910747_444.JPEG,n01910747,2
n01910747_443.JPEG,n01910747,2
n01910747_459.JPEG,n01910747,2
n01910747_453.JPEG,n01910747,2
n01910747_475.JPEG,n01910747,2
n01910747_477.JPEG,n01910747,2
n01910747_496.JPEG,n01910747,2
n01910747_487.JPEG,n01910747,2
n01910747_466.JPEG,n01910747,2
n01910747_458.JPEG,n01910747,2
n01910747_456.JPEG,n01910747,2
n01910747_445.JPEG,n01910747,2
n01910747_499.JPEG,n01910747,2
n01910747_480.JPEG,n01910747,2
n01910747_497.JPEG,n01910747,2
n01910747_455.JPEG,n01910747,2
n01910747_465.JPEG,n01910747,2
n01910747_462.JPEG,n01910747,2
n01910747_450.JPEG,n01910747,2
n01910747_468.JPEG,n01910747,2
n01910747_454.JPEG,n01910747,2
n01910747_448.JPEG,n01910747,2
n01910747_494.JPEG,n01910747,2
n01910747_482.JPEG,n01910747,2
n01910747_470.JPEG,n01910747,2
n01910747_473.JPEG,n01910747,2
n01910747_447.JPEG,n01910747,2
n01910747_489.JPEG,n01910747,2
n01910747_491.JPEG,n01910747,2
n01910747_478.JPEG,n01910747,2
n01910747_467.JPEG,n01910747,2
n01910747_498.JPEG,n01910747,2
n01910747_490.JPEG,n01910747,2
n01910747_463.JPEG,n01910747,2
n01910747_461.JPEG,n01910747,2
n01910747_464.JPEG,n01910747,2
n01910747_452.JPEG,n01910747,2
n01910747_486.JPEG,n01910747,2
n01910747_472.JPEG,n01910747,2
n01910747_493.JPEG,n01910747,2
n01910747_479.JPEG,n01910747,2
n01910747_485.JPEG,n01910747,2
n01910747_476.JPEG,n01910747,2
n01910747_483.JPEG,n01910747,2
n01910747_457.JPEG,n01910747,2
n01910747_495.JPEG,n01910747,2
n01910747_474.JPEG,n01910747,2
n01910747_484.JPEG,n01910747,2
n01944390_36.JPEG,n01944390,3
n01944390_43.JPEG,n01944390,3
n01944390_35.JPEG,n01944390,3
n01944390_0.JPEG,n01944390,3
n01944390_19.JPEG,n01944390,3
n01944390_8.JPEG,n01944390,3
n01944390_34.JPEG,n01944390,3
n01944390_40.JPEG,n01944390,3
n01944390_38.JPEG,n01944390,3
n01944390_10.JPEG,n01944390,3
n01944390_28.JPEG,n01944390,3
n01944390_39.JPEG,n01944390,3
n01944390_32.JPEG,n01944390,3
n01944390_26.JPEG,n01944390,3
n01944390_45.JPEG,n01944390,3
n01944390_31.JPEG,n01944390,3
n01944390_50.JPEG,n01944390,3
n01944390_2.JPEG,n01944390,3
n01944390_37.JPEG,n01944390,3
n01944390_14.JPEG,n01944390,3
n01944390_23.JPEG,n01944390,3
n01944390_42.JPEG,n01944390,3
n01944390_27.JPEG,n01944390,3
n01944390_30.JPEG,n01944390,3
n01944390_13.JPEG,n01944390,3
n01944390_41.JPEG,n01944390,3
n01944390_7.JPEG,n01944390,3
n01944390_15.JPEG,n01944390,3
n01944390_24.JPEG,n01944390,3
n01944390_22.JPEG,n01944390,3
n01944390_21.JPEG,n01944390,3
n01944390_4.JPEG,n01944390,3
n01944390_47.JPEG,n01944390,3
n01944390_46.JPEG,n01944390,3
n01944390_5.JPEG,n01944390,3
n01944390_16.JPEG,n01944390,3
n01944390_1.JPEG,n01944390,3
n01944390_25.JPEG,n01944390,3
n01944390_44.JPEG,n01944390,3
n01944390_9.JPEG,n01944390,3
n01944390_20.JPEG,n01944390,3
n01944390_12.JPEG,n01944390,3
n01944390_49.JPEG,n01944390,3
n01944390_11.JPEG,n01944390,3
n01944390_51.JPEG,n01944390,3
n01944390_33.JPEG,n01944390,3
n01944390_18.JPEG,n01944390,3
n01944390_48.JPEG,n01944390,3
n01944390_3.JPEG,n01944390,3
n01944390_6.JPEG,n01944390,3
n01944390_17.JPEG,n01944390,3
n01944390_29.JPEG,n01944390,3
n01944390_110.JPEG,n01944390,3
n01944390_124.JPEG,n01944390,3
n01944390_90.JPEG,n01944390,3
n01944390_61.JPEG,n01944390,3
n01944390_83.JPEG,n01944390,3
n01944390_58.JPEG,n01944390,3
n01944390_97.JPEG,n01944390,3
n01944390_59.JPEG,n01944390,3
n01944390_115.JPEG,n01944390,3
n01944390_120.JPEG,n01944390,3
n01944390_80.JPEG,n01944390,3
n01944390_102.JPEG,n01944390,3
n01944390_63.JPEG,n01944390,3
n01944390_130.JPEG,n01944390,3
n01944390_91.JPEG,n01944390,3
n01944390_103.JPEG,n01944390,3
n01944390_57.JPEG,n01944390,3
n01944390_74.JPEG,n01944390,3
n01944390_119.JPEG,n01944390,3
n01944390_112.JPEG,n01944390,3
n01944390_73.JPEG,n01944390,3
n01944390_107.JPEG,n01944390,3
n01944390_98.JPEG,n01944390,3
n01944390_82.JPEG,n01944390,3
n01944390_79.JPEG,n01944390,3
n01944390_76.JPEG,n01944390,3
n01944390_100.JPEG,n01944390,3
n01944390_92.JPEG,n01944390,3
n01944390_94.JPEG,n01944390,3
n01944390_117.JPEG,n01944390,3
n01944390_106.JPEG,n01944390,3
n01944390_99.JPEG,n01944390,3
n01944390_66.JPEG,n01944390,3
n01944390_69.JPEG,n01944390,3
n01944390_101.JPEG,n01944390,3
n01944390_72.JPEG,n01944390,3
n01944390_123.JPEG,n01944390,3
n01944390_77.JPEG,n01944390,3
n01944390_114.JPEG,n01944390,3
n01944390_64.JPEG,n01944390,3
n01944390_111.JPEG,n01944390,3
n01944390_55.JPEG,n01944390,3
n01944390_105.JPEG,n01944390,3
n01944390_128.JPEG,n01944390,3
n01944390_109.JPEG,n01944390,3
n01944390_65.JPEG,n01944390,3
n01944390_88.JPEG,n01944390,3
n01944390_89.JPEG,n01944390,3
n01944390_87.JPEG,n01944390,3
n01944390_129.JPEG,n01944390,3
n01944390_56.JPEG,n01944390,3
n01944390_116.JPEG,n01944390,3
n01944390_84.JPEG,n01944390,3
n01944390_60.JPEG,n01944390,3
n01944390_68.JPEG,n01944390,3
n01944390_78.JPEG,n01944390,3
n01944390_93.JPEG,n01944390,3
n01944390_71.JPEG,n01944390,3
n01944390_127.JPEG,n01944390,3
n01944390_121.JPEG,n01944390,3
n01944390_54.JPEG,n01944390,3
n01944390_126.JPEG,n01944390,3
n01944390_67.JPEG,n01944390,3
n01944390_70.JPEG,n01944390,3
n01944390_86.JPEG,n01944390,3
n01944390_53.JPEG,n01944390,3
n01944390_95.JPEG,n01944390,3
n01944390_75.JPEG,n01944390,3
n01944390_81.JPEG,n01944390,3
n01944390_125.JPEG,n01944390,3
n01944390_108.JPEG,n01944390,3
n01944390_52.JPEG,n01944390,3
n01944390_122.JPEG,n01944390,3
n01944390_118.JPEG,n01944390,3
n01944390_113.JPEG,n01944390,3
n01944390_104.JPEG,n01944390,3
n01944390_96.JPEG,n01944390,3
n01944390_62.JPEG,n01944390,3
n01944390_85.JPEG,n01944390,3
n01944390_198.JPEG,n01944390,3
n01944390_190.JPEG,n01944390,3
n01944390_207.JPEG,n01944390,3
n01944390_202.JPEG,n01944390,3
n01944390_138.JPEG,n01944390,3
n01944390_168.JPEG,n01944390,3
n01944390_139.JPEG,n01944390,3
n01944390_152.JPEG,n01944390,3
n01944390_182.JPEG,n01944390,3
n01944390_136.JPEG,n01944390,3
n01944390_185.JPEG,n01944390,3
n01944390_204.JPEG,n01944390,3
n01944390_131.JPEG,n01944390,3
n01944390_173.JPEG,n01944390,3
n01944390_160.JPEG,n01944390,3
n01944390_167.JPEG,n01944390,3
n01944390_162.JPEG,n01944390,3
n01944390_179.JPEG,n01944390,3
n01944390_197.JPEG,n01944390,3
n01944390_175.JPEG,n01944390,3
n01944390_137.JPEG,n01944390,3
n01944390_174.JPEG,n01944390,3
n01944390_208.JPEG,n01944390,3
n01944390_192.JPEG,n01944390,3
n01944390_133.JPEG,n01944390,3
n01944390_178.JPEG,n01944390,3
n01944390_145.JPEG,n01944390,3
n01944390_196.JPEG,n01944390,3
n01944390_200.JPEG,n01944390,3
n01944390_142.JPEG,n01944390,3
n01944390_132.JPEG,n01944390,3
n01944390_171.JPEG,n01944390,3
n01944390_176.JPEG,n01944390,3
n01944390_150.JPEG,n01944390,3
n01944390_201.JPEG,n01944390,3
n01944390_205.JPEG,n01944390,3
n01944390_206.JPEG,n01944390,3
n01944390_161.JPEG,n01944390,3
n01944390_181.JPEG,n01944390,3
n01944390_172.JPEG,n01944390,3
n01944390_157.JPEG,n01944390,3
n01944390_155.JPEG,n01944390,3
n01944390_199.JPEG,n01944390,3
n01944390_183.JPEG,n01944390,3
n01944390_177.JPEG,n01944390,3
n01944390_135.JPEG,n01944390,3
n01944390_147.JPEG,n01944390,3
n01944390_158.JPEG,n01944390,3
n01944390_193.JPEG,n01944390,3
n01944390_184.JPEG,n01944390,3
n01944390_194.JPEG,n01944390,3
n01944390_144.JPEG,n01944390,3
n01944390_166.JPEG,n01944390,3
n01944390_134.JPEG,n01944390,3
n01944390_189.JPEG,n01944390,3
n01944390_170.JPEG,n01944390,3
n01944390_146.JPEG,n01944390,3
n01944390_180.JPEG,n01944390,3
n01944390_188.JPEG,n01944390,3
n01944390_154.JPEG,n01944390,3
n01944390_163.JPEG,n01944390,3
n01944390_186.JPEG,n01944390,3
n01944390_203.JPEG,n01944390,3
n01944390_143.JPEG,n01944390,3
n01944390_149.JPEG,n01944390,3
n01944390_148.JPEG,n01944390,3
n01944390_159.JPEG,n01944390,3
n01944390_153.JPEG,n01944390,3
n01944390_195.JPEG,n01944390,3
n01944390_169.JPEG,n01944390,3
n01944390_187.JPEG,n01944390,3
n01944390_151.JPEG,n01944390,3
n01944390_140.JPEG,n01944390,3
n01944390_164.JPEG,n01944390,3
n01944390_191.JPEG,n01944390,3
n01944390_141.JPEG,n01944390,3
n01944390_165.JPEG,n01944390,3
n01944390_156.JPEG,n01944390,3
n01944390_219.JPEG,n01944390,3
n01944390_266.JPEG,n01944390,3
n01944390_220.JPEG,n01944390,3
n01944390_273.JPEG,n01944390,3
n01944390_228.JPEG,n01944390,3
n01944390_236.JPEG,n01944390,3
n01944390_270.JPEG,n01944390,3
n01944390_244.JPEG,n01944390,3
n01944390_230.JPEG,n01944390,3
n01944390_238.JPEG,n01944390,3
n01944390_237.JPEG,n01944390,3
n01944390_277.JPEG,n01944390,3
n01944390_217.JPEG,n01944390,3
n01944390_272.JPEG,n01944390,3
n01944390_224.JPEG,n01944390,3
n01944390_249.JPEG,n01944390,3
n01944390_240.JPEG,n01944390,3
n01944390_243.JPEG,n01944390,3
n01944390_245.JPEG,n01944390,3
n01944390_247.JPEG,n01944390,3
n01944390_265.JPEG,n01944390,3
n01944390_256.JPEG,n01944390,3
n01944390_214.JPEG,n01944390,3
n01944390_276.JPEG,n01944390,3
n01944390_227.JPEG,n01944390,3
n01944390_233.JPEG,n01944390,3
n01944390_262.JPEG,n01944390,3
n01944390_261.JPEG,n01944390,3
n01944390_268.JPEG,n01944390,3
n01944390_271.JPEG,n01944390,3
n01944390_211.JPEG,n01944390,3
n01944390_231.JPEG,n01944390,3
n01944390_278.JPEG,n01944390,3
n01944390_221.JPEG,n01944390,3
n01944390_209.JPEG,n01944390,3
n01944390_255.JPEG,n01944390,3
n01944390_216.JPEG,n01944390,3
n01944390_267.JPEG,n01944390,3
n01944390_275.JPEG,n01944390,3
n01944390_234.JPEG,n01944390,3
n01944390_259.JPEG,n01944390,3
n01944390_246.JPEG,n01944390,3
n01944390_223.JPEG,n01944390,3
n01944390_235.JPEG,n01944390,3
n01944390_263.JPEG,n01944390,3
n01944390_260.JPEG,n01944390,3
n01944390_225.JPEG,n01944390,3
n01944390_251.JPEG,n01944390,3
n01944390_210.JPEG,n01944390,3
n01944390_242.JPEG,n01944390,3
n01944390_241.JPEG,n01944390,3
n01944390_254.JPEG,n01944390,3
n01944390_226.JPEG,n01944390,3
n01944390_269.JPEG,n01944390,3
n01944390_212.JPEG,n01944390,3
n01944390_248.JPEG,n01944390,3
n01944390_213.JPEG,n01944390,3
n01944390_274.JPEG,n01944390,3
n01944390_258.JPEG,n01944390,3
n01944390_252.JPEG,n01944390,3
n01944390_229.JPEG,n01944390,3
n01944390_257.JPEG,n01944390,3
n01944390_239.JPEG,n01944390,3
n01944390_215.JPEG,n01944390,3
n01944390_218.JPEG,n01944390,3
n01944390_232.JPEG,n01944390,3
n01944390_222.JPEG,n01944390,3
n01944390_253.JPEG,n01944390,3
n01944390_264.JPEG,n01944390,3
n01944390_250.JPEG,n01944390,3
n01944390_319.JPEG,n01944390,3
n01944390_305.JPEG,n01944390,3
n01944390_330.JPEG,n01944390,3
n01944390_308.JPEG,n01944390,3
n01944390_321.JPEG,n01944390,3
n01944390_324.JPEG,n01944390,3
n01944390_299.JPEG,n01944390,3
n01944390_326.JPEG,n01944390,3
n01944390_311.JPEG,n01944390,3
n01944390_287.JPEG,n01944390,3
n01944390_313.JPEG,n01944390,3
n01944390_303.JPEG,n01944390,3
n01944390_292.JPEG,n01944390,3
n01944390_332.JPEG,n01944390,3
n01944390_318.JPEG,n01944390,3
n01944390_335.JPEG,n01944390,3
n01944390_328.JPEG,n01944390,3
n01944390_338.JPEG,n01944390,3
n01944390_302.JPEG,n01944390,3
n01944390_336.JPEG,n01944390,3
n01944390_323.JPEG,n01944390,3
n01944390_334.JPEG,n01944390,3
n01944390_344.JPEG,n01944390,3
n01944390_309.JPEG,n01944390,3
n01944390_294.JPEG,n01944390,3
n01944390_345.JPEG,n01944390,3
n01944390_280.JPEG,n01944390,3
n01944390_281.JPEG,n01944390,3
n01944390_315.JPEG,n01944390,3
n01944390_295.JPEG,n01944390,3
n01944390_279.JPEG,n01944390,3
n01944390_327.JPEG,n01944390,3
n01944390_297.JPEG,n01944390,3
n01944390_291.JPEG,n01944390,3
n01944390_310.JPEG,n01944390,3
n01944390_322.JPEG,n01944390,3
n01944390_337.JPEG,n01944390,3
n01944390_320.JPEG,n01944390,3
n01944390_331.JPEG,n01944390,3
n01944390_296.JPEG,n01944390,3
n01944390_317.JPEG,n01944390,3
n01944390_333.JPEG,n01944390,3
n01944390_339.JPEG,n01944390,3
n01944390_300.JPEG,n01944390,3
n01944390_306.JPEG,n01944390,3
n01944390_293.JPEG,n01944390,3
n01944390_325.JPEG,n01944390,3
n01944390_290.JPEG,n01944390,3
n01944390_314.JPEG,n01944390,3
n01944390_301.JPEG,n01944390,3
n01944390_340.JPEG,n01944390,3
n01944390_329.JPEG,n01944390,3
n01944390_341.JPEG,n01944390,3
n01944390_288.JPEG,n01944390,3
n01944390_298.JPEG,n01944390,3
n01944390_284.JPEG,n01944390,3
n01944390_312.JPEG,n01944390,3
n01944390_304.JPEG,n01944390,3
n01944390_286.JPEG,n01944390,3
n01944390_307.JPEG,n01944390,3
n01944390_316.JPEG,n01944390,3
n01944390_289.JPEG,n01944390,3
n01944390_285.JPEG,n01944390,3
n01944390_343.JPEG,n01944390,3
n01944390_342.JPEG,n01944390,3
n01944390_282.JPEG,n01944390,3
n01944390_283.JPEG,n01944390,3
n01944390_400.JPEG,n01944390,3
n01944390_393.JPEG,n01944390,3
n01944390_355.JPEG,n01944390,3
n01944390_390.JPEG,n01944390,3
n01944390_386.JPEG,n01944390,3
n01944390_398.JPEG,n01944390,3
n01944390_356.JPEG,n01944390,3
n01944390_358.JPEG,n01944390,3
n01944390_383.JPEG,n01944390,3
n01944390_348.JPEG,n01944390,3
n01944390_397.JPEG,n01944390,3
n01944390_367.JPEG,n01944390,3
n01944390_407.JPEG,n01944390,3
n01944390_394.JPEG,n01944390,3
n01944390_387.JPEG,n01944390,3
n01944390_353.JPEG,n01944390,3
n01944390_381.JPEG,n01944390,3
n01944390_375.JPEG,n01944390,3
n01944390_401.JPEG,n01944390,3
n01944390_413.JPEG,n01944390,3
n01944390_351.JPEG,n01944390,3
n01944390_418.JPEG,n01944390,3
n01944390_389.JPEG,n01944390,3
n01944390_376.JPEG,n01944390,3
n01944390_365.JPEG,n01944390,3
n01944390_416.JPEG,n01944390,3
n01944390_380.JPEG,n01944390,3
n01944390_391.JPEG,n01944390,3
n01944390_384.JPEG,n01944390,3
n01944390_362.JPEG,n01944390,3
n01944390_371.JPEG,n01944390,3
n01944390_359.JPEG,n01944390,3
n01944390_392.JPEG,n01944390,3
n01944390_402.JPEG,n01944390,3
n01944390_363.JPEG,n01944390,3
n01944390_409.JPEG,n01944390,3
n01944390_360.JPEG,n01944390,3
n01944390_395.JPEG,n01944390,3
n01944390_406.JPEG,n01944390,3
n01944390_373.JPEG,n01944390,3
n01944390_357.JPEG,n01944390,3
n01944390_361.JPEG,n01944390,3
n01944390_372.JPEG,n01944390,3
n01944390_378.JPEG,n01944390,3
n01944390_405.JPEG,n01944390,3
n01944390_419.JPEG,n01944390,3
n01944390_415.JPEG,n01944390,3
n01944390_414.JPEG,n01944390,3
n01944390_368.JPEG,n01944390,3
n01944390_382.JPEG,n01944390,3
n01944390_388.JPEG,n01944390,3
n01944390_366.JPEG,n01944390,3
n01944390_377.JPEG,n01944390,3
n01944390_379.JPEG,n01944390,3
n01944390_385.JPEG,n01944390,3
n01944390_347.JPEG,n01944390,3
n01944390_403.JPEG,n01944390,3
n01944390_412.JPEG,n01944390,3
n01944390_411.JPEG,n01944390,3
n01944390_369.JPEG,n01944390,3
n01944390_350.JPEG,n01944390,3
n01944390_399.JPEG,n01944390,3
n01944390_354.JPEG,n01944390,3
n01944390_370.JPEG,n01944390,3
n01944390_417.JPEG,n01944390,3
n01944390_349.JPEG,n01944390,3
n01944390_408.JPEG,n01944390,3
n01944390_404.JPEG,n01944390,3
n01944390_410.JPEG,n01944390,3
n01944390_352.JPEG,n01944390,3
n01944390_396.JPEG,n01944390,3
n01944390_364.JPEG,n01944390,3
n01944390_374.JPEG,n01944390,3
n01944390_346.JPEG,n01944390,3
n01944390_423.JPEG,n01944390,3
n01944390_420.JPEG,n01944390,3
n01944390_461.JPEG,n01944390,3
n01944390_429.JPEG,n01944390,3
n01944390_455.JPEG,n01944390,3
n01944390_468.JPEG,n01944390,3
n01944390_433.JPEG,n01944390,3
n01944390_427.JPEG,n01944390,3
n01944390_475.JPEG,n01944390,3
n01944390_472.JPEG,n01944390,3
n01944390_434.JPEG,n01944390,3
n01944390_478.JPEG,n01944390,3
n01944390_448.JPEG,n01944390,3
n01944390_463.JPEG,n01944390,3
n01944390_469.JPEG,n01944390,3
n01944390_481.JPEG,n01944390,3
n01944390_430.JPEG,n01944390,3
n01944390_436.JPEG,n01944390,3
n01944390_432.JPEG,n01944390,3
n01944390_467.JPEG,n01944390,3
n01944390_447.JPEG,n01944390,3
n01944390_439.JPEG,n01944390,3
n01944390_459.JPEG,n01944390,3
n01944390_441.JPEG,n01944390,3
n01944390_454.JPEG,n01944390,3
n01944390_476.JPEG,n01944390,3
n01944390_421.JPEG,n01944390,3
n01944390_431.JPEG,n01944390,3
n01944390_442.JPEG,n01944390,3
n01944390_480.JPEG,n01944390,3
n01944390_482.JPEG,n01944390,3
n01944390_446.JPEG,n01944390,3
n01944390_449.JPEG,n01944390,3
n01944390_462.JPEG,n01944390,3
n01944390_428.JPEG,n01944390,3
n01944390_483.JPEG,n01944390,3
n01944390_457.JPEG,n01944390,3
n01944390_451.JPEG,n01944390,3
n01944390_440.JPEG,n01944390,3
n01944390_470.JPEG,n01944390,3
n01944390_474.JPEG,n01944390,3
n01944390_473.JPEG,n01944390,3
n01944390_453.JPEG,n01944390,3
n01944390_460.JPEG,n01944390,3
n01944390_477.JPEG,n01944390,3
n01944390_444.JPEG,n01944390,3
n01944390_452.JPEG,n01944390,3
n01944390_465.JPEG,n01944390,3
n01944390_466.JPEG,n01944390,3
n01944390_437.JPEG,n01944390,3
n01944390_445.JPEG,n01944390,3
n01944390_424.JPEG,n01944390,3
n01944390_425.JPEG,n01944390,3
n01944390_435.JPEG,n01944390,3
n01944390_450.JPEG,n01944390,3
n01944390_464.JPEG,n01944390,3
n01944390_471.JPEG,n01944390,3
n01944390_456.JPEG,n01944390,3
n01944390_438.JPEG,n01944390,3
n01944390_443.JPEG,n01944390,3
n01944390_426.JPEG,n01944390,3
n01944390_422.JPEG,n01944390,3
n01944390_479.JPEG,n01944390,3
n01944390_458.JPEG,n01944390,3
n01944390_493.JPEG,n01944390,3
n01944390_492.JPEG,n01944390,3
n01944390_494.JPEG,n01944390,3
n01944390_490.JPEG,n01944390,3
n01944390_495.JPEG,n01944390,3
n01944390_491.JPEG,n01944390,3
n01944390_485.JPEG,n01944390,3
n01944390_489.JPEG,n01944390,3
n01944390_496.JPEG,n01944390,3
n01944390_486.JPEG,n01944390,3
n01944390_497.JPEG,n01944390,3
n01944390_498.JPEG,n01944390,3
n01944390_499.JPEG,n01944390,3
n01944390_488.JPEG,n01944390,3
n01944390_487.JPEG,n01944390,3
n01944390_484.JPEG,n01944390,3
n01443537_0.JPEG,n01443537,4
n01443537_13.JPEG,n01443537,4
n01443537_47.JPEG,n01443537,4
n01443537_69.JPEG,n01443537,4
n01443537_63.JPEG,n01443537,4
n01443537_22.JPEG,n01443537,4
n01443537_18.JPEG,n01443537,4
n01443537_3.JPEG,n01443537,4
n01443537_53.JPEG,n01443537,4
n01443537_31.JPEG,n01443537,4
n01443537_16.JPEG,n01443537,4
n01443537_34.JPEG,n01443537,4
n01443537_1.JPEG,n01443537,4
n01443537_59.JPEG,n01443537,4
n01443537_56.JPEG,n01443537,4
n01443537_45.JPEG,n01443537,4
n01443537_65.JPEG,n01443537,4
n01443537_49.JPEG,n01443537,4
n01443537_40.JPEG,n01443537,4
n01443537_30.JPEG,n01443537,4
n01443537_55.JPEG,n01443537,4
n01443537_5.JPEG,n01443537,4
n01443537_66.JPEG,n01443537,4
n01443537_73.JPEG,n01443537,4
n01443537_39.JPEG,n01443537,4
n01443537_20.JPEG,n01443537,4
n01443537_25.JPEG,n01443537,4
n01443537_51.JPEG,n01443537,4
n01443537_7.JPEG,n01443537,4
n01443537_46.JPEG,n01443537,4
n01443537_4.JPEG,n01443537,4
n01443537_27.JPEG,n01443537,4
n01443537_9.JPEG,n01443537,4
n01443537_11.JPEG,n01443537,4
n01443537_37.JPEG,n01443537,4
n01443537_23.JPEG,n01443537,4
n01443537_6.JPEG,n01443537,4
n01443537_35.JPEG,n01443537,4
n01443537_19.JPEG,n01443537,4
n01443537_64.JPEG,n01443537,4
n01443537_15.JPEG,n01443537,4
n01443537_33.JPEG,n01443537,4
n01443537_57.JPEG,n01443537,4
n01443537_32.JPEG,n01443537,4
n01443537_72.JPEG,n01443537,4
n01443537_58.JPEG,n01443537,4
n01443537_41.JPEG,n01443537,4
n01443537_61.JPEG,n01443537,4
n01443537_26.JPEG,n01443537,4
n01443537_42.JPEG,n01443537,4
n01443537_17.JPEG,n01443537,4
n01443537_62.JPEG,n01443537,4
n01443537_67.JPEG,n01443537,4
n01443537_70.JPEG,n01443537,4
n01443537_10.JPEG,n01443537,4
n01443537_50.JPEG,n01443537,4
n01443537_44.JPEG,n01443537,4
n01443537_24.JPEG,n01443537,4
n01443537_36.JPEG,n01443537,4
n01443537_21.JPEG,n01443537,4
n01443537_14.JPEG,n01443537,4
n01443537_2.JPEG,n01443537,4
n01443537_48.JPEG,n01443537,4
n01443537_12.JPEG,n01443537,4
n01443537_68.JPEG,n01443537,4
n01443537_8.JPEG,n01443537,4
n01443537_38.JPEG,n01443537,4
n01443537_28.JPEG,n01443537,4
n01443537_60.JPEG,n01443537,4
n01443537_29.JPEG,n01443537,4
n01443537_54.JPEG,n01443537,4
n01443537_71.JPEG,n01443537,4
n01443537_43.JPEG,n01443537,4
n01443537_52.JPEG,n01443537,4
n01443537_136.JPEG,n01443537,4
n01443537_134.JPEG,n01443537,4
n01443537_133.JPEG,n01443537,4
n01443537_143.JPEG,n01443537,4
n01443537_140.JPEG,n01443537,4
n01443537_99.JPEG,n01443537,4
n01443537_112.JPEG,n01443537,4
n01443537_122.JPEG,n01443537,4
n01443537_148.JPEG,n01443537,4
n01443537_129.JPEG,n01443537,4
n01443537_85.JPEG,n01443537,4
n01443537_93.JPEG,n01443537,4
n01443537_79.JPEG,n01443537,4
n01443537_154.JPEG,n01443537,4
n01443537_87.JPEG,n01443537,4
n01443537_98.JPEG,n01443537,4
n01443537_117.JPEG,n01443537,4
n01443537_110.JPEG,n01443537,4
n01443537_103.JPEG,n01443537,4
n01443537_107.JPEG,n01443537,4
n01443537_89.JPEG,n01443537,4
n01443537_114.JPEG,n01443537,4
n01443537_74.JPEG,n01443537,4
n01443537_146.JPEG,n01443537,4
n01443537_75.JPEG,n01443537,4
n01443537_91.JPEG,n01443537,4
n01443537_144.JPEG,n01443537,4
n01443537_139.JPEG,n01443537,4
n01443537_88.JPEG,n01443537,4
n01443537_76.JPEG,n01443537,4
n01443537_102.JPEG,n01443537,4
n01443537_147.JPEG,n01443537,4
n01443537_96.JPEG,n01443537,4
n01443537_78.JPEG,n01443537,4
n01443537_81.JPEG,n01443537,4
n01443537_128.JPEG,n01443537,4
n01443537_121.JPEG,n01443537,4
n01443537_137.JPEG,n01443537,4
n01443537_135.JPEG,n01443537,4
n01443537_132.JPEG,n01443537,4
n01443537_100.JPEG,n01443537,4
n01443537_109.JPEG,n01443537,4
n01443537_84.JPEG,n01443537,4
n01443537_82.JPEG,n01443537,4
n01443537_105.JPEG,n01443537,4
n01443537_142.JPEG,n01443537,4
n01443537_138.JPEG,n01443537,4
n01443537_124.JPEG,n01443537,4
n01443537_116.JPEG,n01443537,4
n01443537_149.JPEG,n01443537,4
n01443537_90.JPEG,n01443537,4
n01443537_120.JPEG,n01443537,4
n01443537_155.JPEG,n01443537,4
n01443537_119.JPEG,n01443537,4
n01443537_151.JPEG,n01443537,4
n01443537_95.JPEG,n01443537,4
n01443537_92.JPEG,n01443537,4
n01443537_86.JPEG,n01443537,4
n01443537_97.JPEG,n01443537,4
n01443537_145.JPEG,n01443537,4
n01443537_156.JPEG,n01443537,4
n01443537_108.JPEG,n01443537,4
n01443537_101.JPEG,n01443537,4
n01443537_127.JPEG,n01443537,4
n01443537_152.JPEG,n01443537,4
n01443537_111.JPEG,n01443537,4
n01443537_153.JPEG,n01443537,4
n01443537_113.JPEG,n01443537,4
n01443537_94.JPEG,n01443537,4
n01443537_125.JPEG,n01443537,4
n01443537_118.JPEG,n01443537,4
n01443537_131.JPEG,n01443537,4
n01443537_150.JPEG,n01443537,4
n01443537_130.JPEG,n01443537,4
n01443537_141.JPEG,n01443537,4
n01443537_106.JPEG,n01443537,4
n01443537_115.JPEG,n01443537,4
n01443537_80.JPEG,n01443537,4
n01443537_104.JPEG,n01443537,4
n01443537_83.JPEG,n01443537,4
n01443537_126.JPEG,n01443537,4
n01443537_77.JPEG,n01443537,4
n01443537_123.JPEG,n01443537,4
n01443537_201.JPEG,n01443537,4
n01443537_203.JPEG,n01443537,4
n01443537_175.JPEG,n01443537,4
n01443537_199.JPEG,n01443537,4
n01443537_176.JPEG,n01443537,4
n01443537_197.JPEG,n01443537,4
n01443537_162.JPEG,n01443537,4
n01443537_157.JPEG,n01443537,4
n01443537_179.JPEG,n01443537,4
n01443537_212.JPEG,n01443537,4
n01443537_229.JPEG,n01443537,4
n01443537_170.JPEG,n01443537,4
n01443537_158.JPEG,n01443537,4
n01443537_168.JPEG,n01443537,4
n01443537_226.JPEG,n01443537,4
n01443537_218.JPEG,n01443537,4
n01443537_208.JPEG,n01443537,4
n01443537_195.JPEG,n01443537,4
n01443537_209.JPEG,n01443537,4
n01443537_160.JPEG,n01443537,4
n01443537_216.JPEG,n01443537,4
n01443537_205.JPEG,n01443537,4
n01443537_182.JPEG,n01443537,4
n01443537_193.JPEG,n01443537,4
n01443537_223.JPEG,n01443537,4
n01443537_181.JPEG,n01443537,4
n01443537_202.JPEG,n01443537,4
n01443537_184.JPEG,n01443537,4
n01443537_210.JPEG,n01443537,4
n01443537_166.JPEG,n01443537,4
n01443537_172.JPEG,n01443537,4
n01443537_200.JPEG,n01443537,4
n01443537_227.JPEG,n01443537,4
n01443537_215.JPEG,n01443537,4
n01443537_169.JPEG,n01443537,4
n01443537_161.JPEG,n01443537,4
n01443537_190.JPEG,n01443537,4
n01443537_194.JPEG,n01443537,4
n01443537_231.JPEG,n01443537,4
n01443537_221.JPEG,n01443537,4
n01443537_192.JPEG,n01443537,4
n01443537_220.JPEG,n01443537,4
n01443537_222.JPEG,n01443537,4
n01443537_219.JPEG,n01443537,4
n01443537_217.JPEG,n01443537,4
n01443537_180.JPEG,n01443537,4
n01443537_233.JPEG,n01443537,4
n01443537_207.JPEG,n01443537,4
n01443537_198.JPEG,n01443537,4
n01443537_159.JPEG,n01443537,4
n01443537_187.JPEG,n01443537,4
n01443537_191.JPEG,n01443537,4
n01443537_177.JPEG,n01443537,4
n01443537_164.JPEG,n01443537,4
n01443537_206.JPEG,n01443537,4
n01443537_196.JPEG,n01443537,4
n01443537_173.JPEG,n01443537,4
n01443537_224.JPEG,n01443537,4
n01443537_165.JPEG,n01443537,4
n01443537_225.JPEG,n01443537,4
n01443537_183.JPEG,n01443537,4
n01443537_234.JPEG,n01443537,4
n01443537_178.JPEG,n01443537,4
n01443537_232.JPEG,n01443537,4
n01443537_189.JPEG,n01443537,4
n01443537_186.JPEG,n01443537,4
n01443537_204.JPEG,n01443537,4
n01443537_228.JPEG,n01443537,4
n01443537_167.JPEG,n01443537,4
n01443537_211.JPEG,n01443537,4
n01443537_188.JPEG,n01443537,4
n01443537_230.JPEG,n01443537,4
n01443537_163.JPEG,n01443537,4
n01443537_214.JPEG,n01443537,4
n01443537_171.JPEG,n01443537,4
n01443537_213.JPEG,n01443537,4
n01443537_185.JPEG,n01443537,4
n01443537_174.JPEG,n01443537,4
n01443537_317.JPEG,n01443537,4
n01443537_279.JPEG,n01443537,4
n01443537_266.JPEG,n01443537,4
n01443537_281.JPEG,n01443537,4
n01443537_238.JPEG,n01443537,4
n01443537_299.JPEG,n01443537,4
n01443537_260.JPEG,n01443537,4
n01443537_240.JPEG,n01443537,4
n01443537_268.JPEG,n01443537,4
n01443537_274.JPEG,n01443537,4
n01443537_316.JPEG,n01443537,4
n01443537_313.JPEG,n01443537,4
n01443537_307.JPEG,n01443537,4
n01443537_262.JPEG,n01443537,4
n01443537_310.JPEG,n01443537,4
n01443537_311.JPEG,n01443537,4
n01443537_267.JPEG,n01443537,4
n01443537_301.JPEG,n01443537,4
n01443537_244.JPEG,n01443537,4
n01443537_259.JPEG,n01443537,4
n01443537_249.JPEG,n01443537,4
n01443537_273.JPEG,n01443537,4
n01443537_291.JPEG,n01443537,4
n01443537_295.JPEG,n01443537,4
n01443537_269.JPEG,n01443537,4
n01443537_272.JPEG,n01443537,4
n01443537_242.JPEG,n01443537,4
n01443537_312.JPEG,n01443537,4
n01443537_271.JPEG,n01443537,4
n01443537_276.JPEG,n01443537,4
n01443537_252.JPEG,n01443537,4
n01443537_286.JPEG,n01443537,4
n01443537_315.JPEG,n01443537,4
n01443537_304.JPEG,n01443537,4
n01443537_282.JPEG,n01443537,4
n01443537_294.JPEG,n01443537,4
n01443537_306.JPEG,n01443537,4
n01443537_264.JPEG,n01443537,4
n01443537_278.JPEG,n01443537,4
n01443537_236.JPEG,n01443537,4
n01443537_308.JPEG,n01443537,4
n01443537_283.JPEG,n01443537,4
n01443537_277.JPEG,n01443537,4
n01443537_250.JPEG,n01443537,4
n01443537_300.JPEG,n01443537,4
n01443537_296.JPEG,n01443537,4
n01443537_251.JPEG,n01443537,4
n01443537_309.JPEG,n01443537,4
n01443537_255.JPEG,n01443537,4
n01443537_243.JPEG,n01443537,4
n01443537_253.JPEG,n01443537,4
n01443537_235.JPEG,n01443537,4
n01443537_237.JPEG,n01443537,4
n01443537_258.JPEG,n01443537,4
n01443537_247.JPEG,n01443537,4
n01443537_289.JPEG,n01443537,4
n01443537_292.JPEG,n01443537,4
n01443537_298.JPEG,n01443537,4
n01443537_290.JPEG,n01443537,4
n01443537_254.JPEG,n01443537,4
n01443537_297.JPEG,n01443537,4
n01443537_245.JPEG,n01443537,4
n01443537_280.JPEG,n01443537,4
n01443537_256.JPEG,n01443537,4
n01443537_293.JPEG,n01443537,4
n01443537_303.JPEG,n01443537,4
n01443537_302.JPEG,n01443537,4
n01443537_257.JPEG,n01443537,4
n01443537_241.JPEG,n01443537,4
n01443537_288.JPEG,n01443537,4
n01443537_270.JPEG,n01443537,4
n01443537_284.JPEG,n01443537,4
n01443537_248.JPEG,n01443537,4
n01443537_275.JPEG,n01443537,4
n01443537_261.JPEG,n01443537,4
n01443537_265.JPEG,n01443537,4
n01443537_239.JPEG,n01443537,4
n01443537_263.JPEG,n01443537,4
n01443537_246.JPEG,n01443537,4
n01443537_305.JPEG,n01443537,4
n01443537_287.JPEG,n01443537,4
n01443537_314.JPEG,n01443537,4
n01443537_285.JPEG,n01443537,4
n01443537_350.JPEG,n01443537,4
n01443537_375.JPEG,n01443537,4
n01443537_337.JPEG,n01443537,4
n01443537_381.JPEG,n01443537,4
n01443537_321.JPEG,n01443537,4
n01443537_396.JPEG,n01443537,4
n01443537_374.JPEG,n01443537,4
n01443537_360.JPEG,n01443537,4
n01443537_349.JPEG,n01443537,4
n01443537_341.JPEG,n01443537,4
n01443537_370.JPEG,n01443537,4
n01443537_329.JPEG,n01443537,4
n01443537_352.JPEG,n01443537,4
n01443537_334.JPEG,n01443537,4
n01443537_385.JPEG,n01443537,4
n01443537_371.JPEG,n01443537,4
n01443537_377.JPEG,n01443537,4
n01443537_338.JPEG,n01443537,4
n01443537_399.JPEG,n01443537,4
n01443537_328.JPEG,n01443537,4
n01443537_335.JPEG,n01443537,4
n01443537_404.JPEG,n01443537,4
n01443537_364.JPEG,n01443537,4
n01443537_356.JPEG,n01443537,4
n01443537_397.JPEG,n01443537,4
n01443537_322.JPEG,n01443537,4
n01443537_376.JPEG,n01443537,4
n01443537_363.JPEG,n01443537,4
n01443537_343.JPEG,n01443537,4
n01443537_326.JPEG,n01443537,4
n01443537_369.JPEG,n01443537,4
n01443537_344.JPEG,n01443537,4
n01443537_406.JPEG,n01443537,4
n01443537_405.JPEG,n01443537,4
n01443537_340.JPEG,n01443537,4
n01443537_400.JPEG,n01443537,4
n01443537_402.JPEG,n01443537,4
n01443537_355.JPEG,n01443537,4
n01443537_345.JPEG,n01443537,4
n01443537_387.JPEG,n01443537,4
n01443537_324.JPEG,n01443537,4
n01443537_327.JPEG,n01443537,4
n01443537_409.JPEG,n01443537,4
n01443537_331.JPEG,n01443537,4
n01443537_330.JPEG,n01443537,4
n01443537_401.JPEG,n01443537,4
n01443537_358.JPEG,n01443537,4
n01443537_325.JPEG,n01443537,4
n01443537_351.JPEG,n01443537,4
n01443537_379.JPEG,n01443537,4
n01443537_318.JPEG,n01443537,4
n01443537_383.JPEG,n01443537,4
n01443537_389.JPEG,n01443537,4
n01443537_362.JPEG,n01443537,4
n01443537_354.JPEG,n01443537,4
n01443537_393.JPEG,n01443537,4
n01443537_323.JPEG,n01443537,4
n01443537_388.JPEG,n01443537,4
n01443537_372.JPEG,n01443537,4
n01443537_353.JPEG,n01443537,4
n01443537_320.JPEG,n01443537,4
n01443537_386.JPEG,n01443537,4
n01443537_347.JPEG,n01443537,4
n01443537_348.JPEG,n01443537,4
n01443537_346.JPEG,n01443537,4
n01443537_390.JPEG,n01443537,4
n01443537_365.JPEG,n01443537,4
n01443537_359.JPEG,n01443537,4
n01443537_391.JPEG,n01443537,4
n01443537_403.JPEG,n01443537,4
n01443537_368.JPEG,n01443537,4
n01443537_319.JPEG,n01443537,4
n01443537_357.JPEG,n01443537,4
n01443537_407.JPEG,n01443537,4
n01443537_366.JPEG,n01443537,4
n01443537_394.JPEG,n01443537,4
n01443537_378.JPEG,n01443537,4
n01443537_333.JPEG,n01443537,4
n01443537_398.JPEG,n01443537,4
n01443537_373.JPEG,n01443537,4
n01443537_380.JPEG,n01443537,4
n01443537_332.JPEG,n01443537,4
n01443537_395.JPEG,n01443537,4
n01443537_384.JPEG,n01443537,4
n01443537_382.JPEG,n01443537,4
n01443537_342.JPEG,n01443537,4
n01443537_361.JPEG,n01443537,4
n01443537_339.JPEG,n01443537,4
n01443537_336.JPEG,n01443537,4
n01443537_392.JPEG,n01443537,4
n01443537_367.JPEG,n01443537,4
n01443537_408.JPEG,n01443537,4
n01443537_428.JPEG,n01443537,4
n01443537_450.JPEG,n01443537,4
n01443537_424.JPEG,n01443537,4
n01443537_438.JPEG,n01443537,4
n01443537_458.JPEG,n01443537,4
n01443537_463.JPEG,n01443537,4
n01443537_454.JPEG,n01443537,4
n01443537_476.JPEG,n01443537,4
n01443537_414.JPEG,n01443537,4
n01443537_439.JPEG,n01443537,4
n01443537_410.JPEG,n01443537,4
n01443537_412.JPEG,n01443537,4
n01443537_420.JPEG,n01443537,4
n01443537_465.JPEG,n01443537,4
n01443537_421.JPEG,n01443537,4
n01443537_443.JPEG,n01443537,4
n01443537_481.JPEG,n01443537,4
n01443537_452.JPEG,n01443537,4
n01443537_451.JPEG,n01443537,4
n01443537_423.JPEG,n01443537,4
n01443537_479.JPEG,n01443537,4
n01443537_437.JPEG,n01443537,4
n01443537_459.JPEG,n01443537,4
n01443537_457.JPEG,n01443537,4
n01443537_480.JPEG,n01443537,4
n01443537_470.JPEG,n01443537,4
n01443537_416.JPEG,n01443537,4
n01443537_455.JPEG,n01443537,4
n01443537_418.JPEG,n01443537,4
n01443537_469.JPEG,n01443537,4
n01443537_461.JPEG,n01443537,4
n01443537_430.JPEG,n01443537,4
n01443537_447.JPEG,n01443537,4
n01443537_448.JPEG,n01443537,4
n01443537_456.JPEG,n01443537,4
n01443537_444.JPEG,n01443537,4
n01443537_440.JPEG,n01443537,4
n01443537_453.JPEG,n01443537,4
n01443537_435.JPEG,n01443537,4
n01443537_478.JPEG,n01443537,4
n01443537_417.JPEG,n01443537,4
n01443537_445.JPEG,n01443537,4
n01443537_464.JPEG,n01443537,4
n01443537_429.JPEG,n01443537,4
n01443537_466.JPEG,n01443537,4
n01443537_422.JPEG,n01443537,4
n01443537_446.JPEG,n01443537,4
n01443537_460.JPEG,n01443537,4
n01443537_473.JPEG,n01443537,4
n01443537_477.JPEG,n01443537,4
n01443537_425.JPEG,n01443537,4
n01443537_468.JPEG,n01443537,4
n01443537_467.JPEG,n01443537,4
n01443537_471.JPEG,n01443537,4
n01443537_415.JPEG,n01443537,4
n01443537_413.JPEG,n01443537,4
n01443537_441.JPEG,n01443537,4
n01443537_434.JPEG,n01443537,4
n01443537_442.JPEG,n01443537,4
n01443537_419.JPEG,n01443537,4
n01443537_433.JPEG,n01443537,4
n01443537_462.JPEG,n01443537,4
n01443537_427.JPEG,n01443537,4
n01443537_411.JPEG,n01443537,4
n01443537_426.JPEG,n01443537,4
n01443537_449.JPEG,n01443537,4
n01443537_432.JPEG,n01443537,4
n01443537_431.JPEG,n01443537,4
n01443537_436.JPEG,n01443537,4
n01443537_475.JPEG,n01443537,4
n01443537_474.JPEG,n01443537,4
n01443537_472.JPEG,n01443537,4
n01443537_485.JPEG,n01443537,4
n01443537_487.JPEG,n01443537,4
n01443537_499.JPEG,n01443537,4
n01443537_494.JPEG,n01443537,4
n01443537_483.JPEG,n01443537,4
n01443537_497.JPEG,n01443537,4
n01443537_495.JPEG,n01443537,4
n01443537_482.JPEG,n01443537,4
n01443537_496.JPEG,n01443537,4
n01443537_486.JPEG,n01443537,4
n01443537_484.JPEG,n01443537,4
n01443537_490.JPEG,n01443537,4
n01443537_489.JPEG,n01443537,4
n01443537_492.JPEG,n01443537,4
n01443537_488.JPEG,n01443537,4
n01443537_491.JPEG,n01443537,4
n01443537_493.JPEG,n01443537,4
n01443537_498.JPEG,n01443537,4
